replication,seed,bootstrap_refit_version,fit_2016-10_N,fit_2016-10_p,fit_2016-10_r,fit_2016-10_q,fit_2016-10_n_starts,fit_2016-10_sse_log_weighted,fit_2017-07_N,fit_2017-07_p,fit_2017-07_r,fit_2017-07_q,fit_2017-07_n_starts,fit_2017-07_sse_log_weighted,fit_2022-08_N,fit_2022-08_p,fit_2022-08_r,fit_2022-08_q,fit_2022-08_n_starts,fit_2022-08_sse_log_weighted,fit_2025_N,fit_2025_p,fit_2025_r,fit_2025_q,fit_2025_n_starts,fit_2025_sse_log_weighted,N_treated,N_controls_eligible,N_matched_pairs,N_unique_controls,median_control_reuse,p95_control_reuse,max_control_reuse,dormant_excess_attention,mean_expected_attention_denominator,relative_displacement_pct,treated_exit_probability,control_exit_probability,exit_difference_pp,median_decay_equivalent_years,N_valid_inversions,N_invalid_inversions,N_boundary_hits,N_numeric_failures
1,202607600,canonical_gridsearch_refit_2026_09_10,82.01711820030768,0.22236388426940065,0.4469116054951434,0.024371072716625017,195,0.006272032998372736,86.56971989408798,0.22728037471131207,0.5010202493980709,0.023172437383188103,195,0.008731017849734951,67.14903354914739,0.015309083816919224,0.015054484896146438,0.030333204633949028,195,0.008845197802425155,69.83179902587469,0.013264355879939842,0.01955392188365736,0.0327854594858336,195,0.017729804506767644,118,10805,118,73,1.0,3.0,6,4.2714781836320945,35.13545946651362,12.157171838618165,0.3559322033898305,0.2627118644067797,9.322033898305083,5.88433315327873,118,0,0,0
2,202607601,canonical_gridsearch_refit_2026_09_10,86.25146539450348,0.29507858056097286,0.5580985445466573,0.02465507733514568,195,0.008390971657576837,83.19127127189465,0.19099450569056423,0.49047318911681614,0.023162792215839906,195,0.010726389901310418,67.0708022653804,0.014996040687125498,0.015886505792784767,0.030851663933243487,195,0.010640042468701694,68.80966310349866,0.011109933701302149,0.02333509545569782,0.03441058406362043,195,0.020383513691239925,119,10815,119,73,1.0,3.0,5,4.866593609880409,35.10321816252884,13.863667961575349,0.3949579831932773,0.2184873949579832,17.64705882352941,7.47863244215544,119,0,0,0
3,202607602,canonical_gridsearch_refit_2026_09_10,79.98830624310506,0.205286606253317,0.4699179998864121,0.024878703205827985,195,0.00823827249556445,87.46509496553595,0.2539197649106469,0.5810011533458859,0.02373167936244068,195,0.011429707880167384,66.46891689555544,0.013817651699787681,0.01817621436984604,0.03196187220068237,195,0.010111999741188721,69.70009696229921,0.012529826603493083,0.021183435804298205,0.033679549030482016,195,0.018385140118424886,118,10791,118,66,1.0,4.0,4,3.85279805944612,34.62004076278288,11.128808558734981,0.4322033898305085,0.2542372881355932,17.79661016949153,5.636019807198398,118,0,0,0
4,202607603,canonical_gridsearch_refit_2026_09_10,84.94760719927737,0.2797538171420828,0.5738824881378286,0.025249097282871173,195,0.009342130755884725,85.40930807812798,0.21754015759723594,0.5404805558163764,0.023661106495468046,195,0.012347471774583528,64.3228382608353,0.009523801832486758,0.025056611348399514,0.03454583148521977,195,0.010480278596747123,68.61521248018003,0.009700093108507567,0.025815922991798728,0.03548049971044304,195,0.020597883701155863,118,10760,118,74,1.0,3.0,4,4.44318676735137,38.709438321262226,11.478303380369193,0.3813559322033898,0.2627118644067797,11.864406779661014,5.490836279572891,118,0,0,0
5,202607604,canonical_gridsearch_refit_2026_09_10,85.28273718909908,0.2702294561870191,0.527229371582534,0.0251400701975418,195,0.007632098569073943,82.41691234810541,0.17196871896959626,0.4563777358348969,0.02357531069236803,195,0.009453925903934115,65.04953040836511,0.011653079249994341,0.0216547666357577,0.0332745373706415,195,0.00916540332698203,69.40245441265493,0.012281650794402967,0.021569631870689672,0.03381743138242734,195,0.0184685380186389,118,10779,118,70,1.0,3.0,5,4.227992438647623,34.88856908801457,12.118560746878222,0.3644067796610169,0.2288135593220339,13.559322033898303,6.246825221972523,118,0,0,0
6,202607605,canonical_gridsearch_refit_2026_09_10,80.90271837708482,0.21464662428126172,0.4685501677219119,0.024657247106439337,195,0.008084358684604744,80.45306550992555,0.16182751770811382,0.4764915833342244,0.023489412198088734,195,0.013374477318600744,66.10653571913008,0.013489302792891044,0.018377891731353544,0.03183532681789964,195,0.010290103004241243,69.20482813107417,0.012121502766645422,0.021501595145863178,0.03358947474292177,195,0.0188034427451158,119,10798,119,74,1.0,3.0,4,5.822173334906453,35.472793580642794,16.413066880877302,0.3697478991596639,0.18487394957983194,18.487394957983195,8.477540985196686,119,0,0,0
7,202607606,canonical_gridsearch_refit_2026_09_10,85.99449779125366,0.2840612941195517,0.5397342647649248,0.024852007769634067,195,0.00679506030829226,85.92259599671104,0.23851633132939434,0.5687013624066483,0.023495068432544983,195,0.011164212597894891,66.9381219473324,0.014868317948277731,0.01614455804800467,0.030981863043568494,195,0.010284265456578791,68.83627941924524,0.011606221886504748,0.022482737108928893,0.03405486999251612,195,0.018114171971555276,119,10817,119,75,1.0,3.0,4,4.966747670393967,32.51055620564966,15.277338348123523,0.3865546218487395,0.21008403361344538,17.647058823529413,8.890027574802836,119,0,0,0
8,202607607,canonical_gridsearch_refit_2026_09_10,83.57824773584127,0.2527315705001784,0.5283785686906938,0.025010349953624778,195,0.008480218447457923,83.36522168814052,0.19237190017963476,0.485748285669709,0.02312609236557027,195,0.011201767980744891,65.81667235494994,0.01289566110068722,0.019745979009999713,0.03260899834082226,195,0.010357220547929947,69.7582630775639,0.012451722248103286,0.021504152469048275,0.03392191883914879,195,0.019352540464934075,119,10810,119,68,1.5,3.0,4,3.1116620046622856,36.86801041662417,8.44000522268271,0.3949579831932773,0.2857142857142857,10.92436974789916,4.7878861820643905,119,0,0,0
9,202607608,canonical_gridsearch_refit_2026_09_10,90.4017529423164,0.32758442052217407,0.5397070411240676,0.02491305562875162,195,0.00897955627169667,82.8448165016357,0.18189136117077173,0.4668899765524696,0.023477653594844734,195,0.010721354559613627,66.13344580791949,0.013492424575004039,0.018883557976393326,0.0323436065576635,195,0.010065384438721266,69.45577263476758,0.012519000654965556,0.021133467814758278,0.03361881600125393,195,0.018897475179086708,119,10779,119,73,1.0,3.0,5,4.7500426217830265,38.81411583702945,12.23792560862971,0.42016806722689076,0.19327731092436976,22.689075630252102,5.300515460190809,119,0,0,0
10,202607609,canonical_gridsearch_refit_2026_09_10,86.45275269082117,0.3013654287382306,0.5647863081348832,0.02495993291158915,195,0.0067555819433716136,85.42041475304335,0.2051969949964516,0.49151404002827825,0.023669274075245248,195,0.010355654426942574,66.44706896230943,0.0136837593764458,0.018638447565816608,0.03228988445431847,195,0.00943689691254685,69.47900916744761,0.012265644109920858,0.02185265811493542,0.034084183921117756,195,0.017266215461533816,118,10807,118,71,1.0,3.5,4,4.708853183797609,39.49845016812105,11.921615060223537,0.4152542372881356,0.2457627118644068,16.94915254237288,5.46890817887363,118,0,0,0
11,202607610,canonical_gridsearch_refit_2026_09_10,85.37682296113196,0.281809867055889,0.5482890805048746,0.024920683596516488,195,0.006811724745461316,86.06851871784542,0.2298940720006863,0.5436517191946545,0.02360174185698595,195,0.008171120851893865,64.74906714178614,0.010549906214511105,0.02373757837589965,0.034253196547795184,195,0.008628569176949569,69.066093737811,0.011410904161245024,0.023044324192953755,0.03442077275926579,195,0.01838126494141358,119,10753,119,71,1.0,3.0,4,5.70428655222104,33.056890156618124,17.255968499139108,0.37815126050420167,0.23529411764705882,14.285714285714285,8.613848030972854,119,0,0,0
12,202607611,canonical_gridsearch_refit_2026_09_10,90.1560136741041,0.3544585493490529,0.6160589734367972,0.025469274129574643,195,0.006517260038160227,87.40072196907286,0.24787956540108802,0.5743012621383549,0.024084228510615254,195,0.011896753209363724,66.61619968912804,0.013790514834973955,0.018787226483420957,0.03254516357707652,195,0.00984570621531205,69.51455848395682,0.01218343928513338,0.02203562669823486,0.034184846917384874,195,0.020800423418174858,119,10734,119,71,1.0,3.0,5,5.871325468604643,33.73046000051775,17.406597682078807,0.42857142857142855,0.226890756302521,20.168067226890756,9.600348017232363,119,0,0,0
13,202607612,canonical_gridsearch_refit_2026_09_10,91.56682166127656,0.4149117982875635,0.698880287512807,0.025244439952086226,195,0.007864436829952108,86.73396245689169,0.24549827603127228,0.5577384209359445,0.023411345639129336,195,0.012047669357214004,65.98978761577132,0.013223824635009901,0.019477267864469763,0.03266839140298412,195,0.009769565388393077,68.87866384862699,0.011374684807390114,0.023035977656294962,0.03437625177155656,195,0.01861883919695402,119,10860,119,66,1.5,3.0,6,5.296674192908668,33.79589901836919,15.672535268346463,0.44537815126050423,0.21008403361344538,23.529411764705884,8.884432219536407,119,0,0,0
14,202607613,canonical_gridsearch_refit_2026_09_10,84.96339921551302,0.25179518403842466,0.47124636698336553,0.02451682866000575,195,0.009421406772165443,85.29458133951485,0.20686071918067278,0.4972503511643869,0.023546665252912973,195,0.012160105431438561,66.5561489493988,0.013911054892513383,0.018215408394810322,0.03209433682095585,195,0.008835226280791798,70.14418679343136,0.013801174280917526,0.018911499236797465,0.032679960844074325,195,0.020257030382712746,119,10823,119,73,1.0,4.0,7,6.879999715684717,36.93789369723954,18.625858236737727,0.3277310924369748,0.17647058823529413,15.126050420168067,10.12391014695751,119,0,0,0
15,202607614,canonical_gridsearch_refit_2026_09_10,89.06151011117201,0.32139881410463433,0.5593246624011766,0.02498790600792623,195,0.007316366880473001,84.97880146742719,0.2090890758129338,0.5159573382021031,0.023510514866009857,195,0.009106025385877759,66.8274911204349,0.01434162291974653,0.01738987118263722,0.03169976215516556,195,0.010935262042708702,69.00650831347195,0.011121720083981376,0.02363052737864923,0.03471749520278082,195,0.018855119977067486,119,10788,119,77,1.0,3.0,3,2.9992678124726404,37.06950187069699,8.090930984005283,0.36134453781512604,0.3025210084033613,5.882352941176472,4.0832567721715165,119,0,0,0
16,202607615,canonical_gridsearch_refit_2026_09_10,81.34940153085836,0.23751291918597275,0.5220512787133818,0.024719499621140874,195,0.009042411206451068,84.40554822550523,0.21236582892531602,0.5239730617312115,0.023443171289935238,195,0.010335580619747107,66.68115158528,0.014171657318310002,0.017485826477526112,0.03162582631184251,195,0.010366750176310079,69.25643631084095,0.01144263039403466,0.02302552813906168,0.03443369034503344,195,0.0179440901800057,119,10807,119,74,1.0,3.0,5,3.9600926494411186,35.837147347520876,11.050245185642735,0.3697478991596639,0.24369747899159663,12.605042016806726,5.473592941250271,119,0,0,0
17,202607616,canonical_gridsearch_refit_2026_09_10,81.74962998341219,0.21781998066331779,0.47968306903812996,0.02506644919535591,195,0.010411563391904195,79.56991849969725,0.14291831254364515,0.4320013709464752,0.023415864971299185,195,0.012664120089821353,66.1351512197201,0.012771346800854658,0.019869746138770423,0.03260845151467451,195,0.010050157101899028,69.4441852667987,0.011633637457787841,0.022670287552777814,0.03426962092348781,195,0.019265441853455887,118,10816,118,73,1.0,3.0,4,3.90128467132127,35.456963618612754,11.002872985077978,0.3644067796610169,0.2966101694915254,6.779661016949151,5.695261938316202,118,0,0,0
18,202607617,canonical_gridsearch_refit_2026_09_10,82.7526551830025,0.22662861403646278,0.4715657188255082,0.025059954727723828,195,0.010001311105969775,84.04603355010998,0.19559494768682126,0.5066675992438823,0.023906930441991395,195,0.014161322150553258,65.92880154683698,0.012536251364630505,0.020550993747632834,0.033054157867151074,195,0.009300726312758556,68.8406938270212,0.011013306494686353,0.02353385467494353,0.03451261393984618,195,0.019863666356914618,118,10791,118,74,1.0,3.0,4,6.846707591489841,35.88144434991119,19.081471539221322,0.4322033898305085,0.17796610169491525,25.423728813559322,9.498887686010534,118,0,0,0
19,202607618,canonical_gridsearch_refit_2026_09_10,86.34836981504233,0.28458280073874664,0.5620713883398983,0.025757194070904862,195,0.009062585323706294,85.26907994257394,0.2147860102519921,0.5474665300366774,0.023996853154457196,195,0.011014735610581866,66.70964702636131,0.013677223543615136,0.018692500214278897,0.03233735270626862,195,0.009607104580085301,68.95232590891166,0.010179427096378802,0.025264960039865617,0.035408942749094355,195,0.019090418403623646,118,10776,118,73,1.0,3.0,5,3.2709104585491438,38.652126333222185,8.462433425655393,0.3983050847457627,0.23728813559322035,16.101694915254235,3.889000384067627,118,0,0,0
20,202607619,canonical_gridsearch_refit_2026_09_10,87.35464030122716,0.3261253125953883,0.5989382569106864,0.024966429895135304,195,0.008282041781335544,83.15050930951425,0.20098412762380422,0.5083959779417037,0.023197408732130092,195,0.009753518299864226,66.60869724950814,0.01492340764938867,0.01581809547225963,0.03071076161852665,195,0.010890052373964294,69.79139121264342,0.013094582110000343,0.02009215444272503,0.03315354981617265,195,0.019288536096680707,118,10841,118,68,2.0,3.0,4,6.68065463352445,33.93212905393509,19.68828605745768,0.4322033898305085,0.1864406779661017,24.576271186440678,9.728569858235709,118,0,0,0
21,202607620,canonical_gridsearch_refit_2026_09_10,83.69757415282662,0.25676057388924406,0.5212465090845051,0.024956309679046846,195,0.008754817093672344,84.58648443189146,0.21348175306560974,0.5217674823382484,0.02330934160012138,195,0.01179684008000395,66.10499995861429,0.013161120325892157,0.0192457670033371,0.03237448040817783,195,0.009208212146110496,69.32895852563455,0.011989532465521011,0.022247425534549135,0.03420272054043214,195,0.01842001548304125,119,10819,119,76,1.0,3.25,6,6.337244833429041,35.69041890064281,17.756151450816688,0.453781512605042,0.24369747899159663,21.008403361344538,8.680753377005292,119,0,0,0
22,202607621,canonical_gridsearch_refit_2026_09_10,87.6515801978063,0.3058805437158316,0.5484152875659413,0.02470758961917094,195,0.0060187796576570704,83.69618711203778,0.19913191380559578,0.519087963661442,0.02357669647362773,195,0.009992339932263367,66.77504596977244,0.013887527686814626,0.018358217245572305,0.032213499187454545,195,0.010631980122211181,69.43684798207833,0.011444039086393756,0.0230787921875732,0.034488308157076125,195,0.01971980858585279,119,10785,119,70,1.0,4.0,5,4.407967328333369,33.7729596111674,13.051765018769116,0.3277310924369748,0.20168067226890757,12.605042016806722,7.456204352568172,119,0,0,0
23,202607622,canonical_gridsearch_refit_2026_09_10,88.67680360307143,0.33389112660520576,0.5769920872236138,0.02479093706330177,195,0.010509138010054458,86.63225627541169,0.22191019492667183,0.4904682249608481,0.023231338804539342,195,0.013957327094994582,65.87558410765757,0.013714852844782573,0.018137052878872625,0.031820053817874935,195,0.011658568765716125,69.29379809229277,0.012030903683856526,0.02204154271791997,0.034038373952765606,195,0.01964010180838713,118,10843,118,77,1.0,3.0,4,3.2329960176709815,33.833828007240044,9.555513543957126,0.4576271186440678,0.3220338983050847,13.559322033898308,5.171781541810978,118,0,0,0
24,202607623,canonical_gridsearch_refit_2026_09_10,87.89003134578344,0.3051218097495612,0.5497574184342613,0.02506436608815673,195,0.00824099019797182,86.31711938203931,0.22626812262905097,0.5130809614875057,0.02335719175827695,195,0.010142311259688026,65.71525219849003,0.012676066286986774,0.02000753740069796,0.032650919993085815,195,0.010085855043162012,69.09403466164626,0.011546731359764152,0.022661593248246143,0.03417411618093157,195,0.019000205132496083,119,10790,119,74,1.0,3.0,5,5.530463460574081,34.85623623795586,15.866496379066353,0.3865546218487395,0.2689075630252101,11.764705882352944,8.940414431304546,119,0,0,0
25,202607624,canonical_gridsearch_refit_2026_09_10,83.01352846758081,0.23582710604222726,0.5104421083855138,0.025100618704495273,195,0.008770755004523593,86.44442365241683,0.24562064096006614,0.6143203031510354,0.02407809512470922,195,0.011973244606607356,66.66301729320992,0.013094253058326719,0.019967100021693527,0.03302829172694013,195,0.009999091143881837,69.33931716503945,0.011473409141930787,0.02323692341197501,0.034675622035498704,195,0.020421646448499302,119,10815,119,69,1.0,3.0,5,3.873027409626983,35.82057724999453,10.812297586933987,0.2857142857142857,0.23529411764705882,5.042016806722688,5.203729749116484,119,0,0,0
26,202607625,canonical_gridsearch_refit_2026_09_10,82.25700764266615,0.23296838476068352,0.4973037625807837,0.024798627911934375,195,0.007486020041314815,85.36650881922941,0.2317152313598121,0.5777833679930815,0.023643421075333,195,0.012742674697532826,66.30002975394723,0.013338786524709262,0.018981485577867042,0.03228795146137614,195,0.008519561226814172,69.28954839812113,0.011614741544844693,0.022567902633754917,0.03414846153442095,195,0.01853189641447811,119,10821,119,75,1.0,3.0,7,4.626997705276692,36.48042779403452,12.683507253260128,0.3445378151260504,0.15126050420168066,19.327731092436977,5.84708141982507,119,0,0,0
27,202607626,canonical_gridsearch_refit_2026_09_10,82.77085346520028,0.23511654154145253,0.4868713398275212,0.024837698717862008,195,0.009428260209656373,84.9026617138925,0.21551932065379528,0.519490214630896,0.023386286890003508,195,0.010116454335463206,66.45587846112521,0.0144760890408106,0.016584666474287472,0.031029694759389895,195,0.010830617442148862,69.75301191147437,0.013273475693694352,0.01950287276949303,0.03274357199647216,195,0.01974153417055096,119,10889,119,69,1.0,4.0,5,4.397105454782005,38.454829848482646,11.43446862749675,0.3697478991596639,0.25210084033613445,11.764705882352944,5.66251753308925,119,0,0,0
28,202607627,canonical_gridsearch_refit_2026_09_10,86.2981764753386,0.29434334653838296,0.5567131691623652,0.024953154914785124,195,0.008331072618022385,85.45503965282306,0.2187546108325233,0.5260517807352496,0.023471975278926843,195,0.010601587128117292,65.7122259086818,0.01252735005423519,0.020352757093631588,0.03284722704071709,195,0.009085966724164202,69.3623445461498,0.01155965932236551,0.023007230871091945,0.03453232320624601,195,0.018757992261762686,118,10857,118,70,1.5,3.549999999999997,4,4.4950058251797635,37.91195203873175,11.85643466890747,0.4067796610169492,0.23728813559322035,16.949152542372882,5.63080331378859,118,0,0,0
29,202607628,canonical_gridsearch_refit_2026_09_10,88.18388461784366,0.2889346014283932,0.5050570765638984,0.02508111554549312,195,0.007221056107716333,84.29244300418472,0.19379908222189152,0.4933265283135695,0.02386248417794182,195,0.011352769954687673,66.12893838364461,0.013024054913485022,0.020048007003433274,0.03303898979669392,195,0.00887381455632597,69.21954874940096,0.011241714695391288,0.023456875326665946,0.03466389136878876,195,0.018164093359877787,119,10822,119,79,1.0,3.0,5,5.132289905473303,35.5545460054158,14.43497522002259,0.40336134453781514,0.23529411764705882,16.80672268907563,7.160044065004371,119,0,0,0
30,202607629,canonical_gridsearch_refit_2026_09_10,86.90554006388747,0.28665788336260795,0.521121816549483,0.02465853012470482,195,0.006274247392535141,84.11788325362635,0.19260198472834722,0.4758081729488298,0.023461444194797627,195,0.010896458351395431,66.09175485161558,0.012913066270947234,0.019840512709244435,0.032720824373796545,195,0.008977885370337004,69.86242097323888,0.012667828446787691,0.020916556400878635,0.033550800343280875,195,0.018573761264387152,119,10825,119,70,1.0,3.0,4,5.418564222134748,39.56424165323662,13.69560996423515,0.37815126050420167,0.13445378151260504,24.369747899159663,6.761662635537245,119,0,0,0
31,202607630,canonical_gridsearch_refit_2026_09_10,87.26877640690904,0.3129539037395715,0.5833713773049702,0.02507860337236649,195,0.008813072899574842,87.76525023263957,0.230997583156085,0.5218368237359685,0.0236913034914334,195,0.010284408730936487,65.93567450903463,0.012671514828235994,0.019907911645027348,0.03254684691837823,195,0.009982761188343547,69.41226627317852,0.011334175232407895,0.0231758180916095,0.03447548333069306,195,0.017759843172685474,119,10663,119,76,1.0,3.0,4,3.169300093865286,40.277231932641214,7.868713766540749,0.3865546218487395,0.2605042016806723,12.605042016806722,3.0392476440671015,119,0,0,0
32,202607631,canonical_gridsearch_refit_2026_09_10,84.58184265991468,0.2873761131265859,0.5821055413199351,0.02500779270153279,195,0.007115561856024614,85.88704907223777,0.2717358513624297,0.6488528637034361,0.02340266088932701,195,0.010892679229808798,66.5725219111148,0.013796405892244163,0.018545738648981236,0.03230980077503082,195,0.010627572519738145,70.0039040486675,0.012855909110019064,0.020854506596616192,0.03367670486521359,195,0.020189940006749767,118,10835,118,81,1.0,3.0,3,5.949573734626467,33.24450552868954,17.896412174011942,0.3983050847457627,0.2033898305084746,19.491525423728813,8.987061485752637,118,0,0,0
33,202607632,canonical_gridsearch_refit_2026_09_10,89.8706431158086,0.3451329577604371,0.5889504048841415,0.02511800135954853,195,0.009086100727827721,84.45185287952232,0.2039724528529728,0.504138909967207,0.02350975839567788,195,0.012148187774170894,66.97949441096745,0.015284735277593647,0.015142938303998103,0.03039724590633635,195,0.009900241857596885,69.47236679863393,0.011933418204955517,0.022235536149418346,0.034134785086940414,195,0.017061996161361698,119,10832,119,68,2.0,3.0,6,6.736493275407691,32.99182885375239,20.418671863477197,0.40336134453781514,0.13445378151260504,26.890756302521012,10.534143230417477,119,0,0,0
34,202607633,canonical_gridsearch_refit_2026_09_10,83.05139539105855,0.2483489658890456,0.5389324457615345,0.02512939794101525,195,0.007331553920521739,83.93646139699327,0.19892473767581192,0.528868695159564,0.02383727880681703,195,0.009578868224694179,67.0000031547113,0.01423761939481954,0.017245429605878847,0.03145156595169769,195,0.008649400133238713,69.72278909502359,0.012699431612158023,0.020633100348383386,0.033299199089643176,195,0.016626876628933248,118,10767,118,75,1.0,3.0,5,3.7950727186230377,36.89568221462642,10.285953506826798,0.3898305084745763,0.2457627118644068,14.40677966101695,4.9845224353820115,118,0,0,0
35,202607634,canonical_gridsearch_refit_2026_09_10,84.48438744016099,0.26027933609471576,0.5218848468926954,0.02512042225827725,195,0.006500798633997224,85.3632888781729,0.2161291253279566,0.534277523809054,0.02378729797217391,195,0.010120052628464282,65.00430668260867,0.010874842410895489,0.0236326485147781,0.034472983434747854,195,0.010359817169714805,69.24501421182403,0.01171000146930141,0.02266674198137087,0.03434236654572352,195,0.022394073160518,118,10829,118,77,1.0,3.0,5,4.894793651667073,37.48545235322933,13.057848696990295,0.4152542372881356,0.2542372881355932,16.10169491525424,6.356328375745601,118,0,0,0
36,202607635,canonical_gridsearch_refit_2026_09_10,84.86171020713003,0.2689244206689787,0.5354829531821337,0.025152757587880974,195,0.008448024752726995,88.16730916226668,0.25198709582437595,0.5450990173332098,0.023545284970897105,195,0.009875249032499351,66.06688357027441,0.013150933035548732,0.019472334334918007,0.03259064410303403,195,0.010844291465206463,69.33717717182648,0.011848701607098944,0.022562389325974846,0.03437667966273004,195,0.019181240454310723,119,10751,119,72,1.0,3.450000000000003,5,4.366045685771675,38.0525548924937,11.473725478109557,0.31932773109243695,0.226890756302521,9.243697478991594,5.598990733259409,119,0,0,0
37,202607636,canonical_gridsearch_refit_2026_09_10,84.5710395182659,0.2713278619804146,0.526641639504841,0.02455820287771881,195,0.008471945408384243,83.7737189696866,0.20877724513926305,0.5134231035677852,0.02293176383884049,195,0.010001447902736282,67.14846894518544,0.015978717175184752,0.013194828414476955,0.02914437187865241,195,0.00887837237685238,69.34026651441722,0.012544772201984763,0.02063965024071279,0.03315123800262168,195,0.01633473397827333,118,10806,118,71,1.0,3.5,4,4.406629058476774,34.84046373148193,12.648020682040844,0.3559322033898305,0.2288135593220339,12.711864406779661,6.683877730122472,118,0,0,0
38,202607637,canonical_gridsearch_refit_2026_09_10,84.8702035542863,0.25539472057169066,0.49136572172879045,0.024587365058657443,195,0.007068803448230244,87.57204890998497,0.22791936692301373,0.5052127973375226,0.023290612257037706,195,0.009330762581864185,66.69067493386756,0.013568821955574647,0.0185626973676624,0.03209938779362978,195,0.008402936994474567,69.55042666399815,0.012008709335261802,0.021710633980203738,0.0336856238548389,195,0.018182292620927645,119,10774,119,77,1.0,3.0,5,5.067792200908759,38.80140211751291,13.060848124922332,0.46218487394957986,0.25210084033613445,21.00840336134454,6.4399174659162455,119,0,0,0
39,202607638,canonical_gridsearch_refit_2026_09_10,91.33550947803035,0.35434133700930565,0.591011627195781,0.025202113040308425,195,0.009247595807280195,84.33309448786714,0.18244932598061323,0.4549762847897952,0.023467217169556222,195,0.01107820239323884,65.27323403594363,0.011457992191432072,0.02199205152583444,0.03341659239524358,195,0.008964037189701235,69.41922275091044,0.011938380319394076,0.022021804614208752,0.033926224088666086,195,0.019421193175558293,118,10800,118,75,1.0,3.0,4,6.873129939278316,36.25825442085734,18.95604200770512,0.3559322033898305,0.1440677966101695,21.1864406779661,10.034589089777713,118,0,0,0
40,202607639,canonical_gridsearch_refit_2026_09_10,82.08293817776438,0.24403802590306925,0.5271999388779376,0.02457341224434811,195,0.009854497278703333,89.5196218831418,0.2795310840923971,0.592667368584168,0.02323832817268742,195,0.010040661713332658,66.22464906152865,0.013451485950151124,0.01862924503849021,0.03204865025765026,195,0.009942217133312926,69.94753690693072,0.01284349029324779,0.02057079597684031,0.033380871397433905,195,0.01991406488443907,119,10778,119,65,2.0,4.0,6,5.925383614095591,38.53977878407842,15.374721394466045,0.42857142857142855,0.2184873949579832,21.008403361344534,7.4280435779772205,119,0,0,0
41,202607640,canonical_gridsearch_refit_2026_09_10,84.42273322917346,0.2570460858171293,0.5207451965949891,0.02517044425751652,195,0.008222720484248183,86.07072708065519,0.22397045124737064,0.5509486453194881,0.023945172976504957,195,0.01241226055906543,67.01074908315404,0.013776952682057704,0.019012793462854134,0.03275695572678736,195,0.010096031878257122,68.94930279272556,0.010121643136222186,0.02549157930389735,0.035577609217670926,195,0.018498443614726315,118,10803,118,70,1.0,3.0,4,2.4085013304271423,38.39160790607141,6.273509919979809,0.3305084745762712,0.3050847457627119,2.5423728813559308,3.09240851963731,118,0,0,0
42,202607641,canonical_gridsearch_refit_2026_09_10,84.89875972436863,0.2654607769784854,0.5234297208214974,0.024764414275909828,195,0.008733657293754448,85.61717387540534,0.2424335403041123,0.5904255047627748,0.023236397851920124,195,0.009676681776059109,66.95084023329126,0.014773335545277095,0.016012935194828506,0.03075548439889935,195,0.009272376684742045,69.61337253933549,0.01231895825098311,0.021221673123434644,0.03350708922817268,195,0.01789435875909471,119,10807,119,79,1.0,3.0,3,5.98245055174271,34.674344115990365,17.25324791070483,0.40336134453781514,0.21008403361344538,19.327731092436977,8.999040200759488,119,0,0,0
43,202607642,canonical_gridsearch_refit_2026_09_10,91.13293248553306,0.3579541416276849,0.5842361230733419,0.024736710455059437,195,0.006906588995575817,82.7976997967482,0.1839089450930535,0.49992225338824026,0.023567826563839725,195,0.011820158059293704,66.00019446250184,0.012663414939042215,0.02025115424792925,0.03288165461778449,195,0.010052328512047832,69.78411020459927,0.012115253251301718,0.021755414066050537,0.03383679581607717,195,0.020124323064648116,119,10798,119,71,1.0,4.0,5,5.857685235299821,31.571285032207065,18.55383849382176,0.42016806722689076,0.21008403361344538,21.008403361344538,10.253957918734962,119,0,0,0
44,202607643,canonical_gridsearch_refit_2026_09_10,86.8468463026531,0.2786883605367105,0.500522336608709,0.02448934976993961,195,0.006772339039648961,83.85493666079365,0.19252396627548665,0.4904075350436275,0.02320870204129268,195,0.010051680947765481,66.71304209429063,0.014280068793651592,0.017102290492106726,0.031350976903938364,195,0.009447743952681109,69.3123737178987,0.011430401516321645,0.02283897551720346,0.0342351073021396,195,0.018655324979095736,118,10835,118,72,1.0,3.0,4,6.417534354192758,36.159212908886744,17.747992386790973,0.423728813559322,0.15254237288135594,27.118644067796605,9.284615026147986,118,0,0,0
45,202607644,canonical_gridsearch_refit_2026_09_10,85.02345333447009,0.28073774352164155,0.5497651705316648,0.025067688456726717,195,0.009068425839274129,85.71471248606565,0.2219743099697449,0.5247688970936035,0.023598368596267842,195,0.012734390997512633,66.68276656650325,0.014604535537691473,0.016665375487311073,0.03123864110686094,195,0.009119430288036313,69.74178044610231,0.01253999669156331,0.021438525603791492,0.033944543773035935,195,0.020316905198732395,118,10787,118,75,1.0,3.0,4,6.427980900484307,34.68923260008549,18.530190548142784,0.4576271186440678,0.16101694915254236,29.66101694915254,9.589117172901766,118,0,0,0
46,202607645,canonical_gridsearch_refit_2026_09_10,86.00110606907332,0.3003958016936575,0.5802409224272299,0.02502534821068626,195,0.008899931509816592,87.83210575121333,0.2428523412553623,0.5395573077751648,0.023502503759661748,195,0.011275810609132299,66.06961458254887,0.013012714423401997,0.01936203168222825,0.03234237017933991,195,0.009856561719649786,69.06138329633217,0.01158377011511023,0.022458449168992086,0.034008176902947766,195,0.01850491870556409,122,10799,122,71,1.0,3.0,4,5.090787154589376,40.6476111440305,12.52419763747176,0.39344262295081966,0.28688524590163933,10.655737704918034,5.260395665241253,122,0,0,0
47,202607646,canonical_gridsearch_refit_2026_09_10,86.35446380444448,0.29448318580575694,0.5552526454912747,0.024851475423561236,195,0.008228953461216593,84.11649665858269,0.20358570438634924,0.5072462656097139,0.023379542697066984,195,0.010884660329836322,65.81863535704291,0.012434571081610566,0.020802991660476448,0.03320432465969174,195,0.00870555431072246,69.72178323354687,0.012251868597182256,0.02167688722327558,0.03389482675016084,195,0.01765843760834712,118,10824,118,75,1.0,3.0,4,6.662436815550099,38.25875964349356,17.414147446578653,0.5338983050847458,0.1694915254237288,36.440677966101696,7.541495352297025,118,0,0,0
48,202607647,canonical_gridsearch_refit_2026_09_10,83.46120169432703,0.24939517507105863,0.510514779591396,0.024563804541138812,195,0.009618533964857495,87.16258218651318,0.2364610671392854,0.5343706548589653,0.023337297048583484,195,0.010490356834408375,67.49086920447337,0.015237308548303923,0.015421316450558832,0.030627966287997577,195,0.010267936489813941,69.66899663428673,0.011425233270107762,0.023202996821031364,0.03459360185943347,195,0.018134364036643317,119,10792,119,72,1.0,3.0,7,4.010782668064732,34.89259093011744,11.494654197785113,0.3697478991596639,0.2689075630252101,10.084033613445381,5.731178086611553,119,0,0,0
49,202607648,canonical_gridsearch_refit_2026_09_10,82.19967454966381,0.23001878139051993,0.4843368711661211,0.024625181414019807,195,0.009007007928767762,86.37391564788612,0.21995024767534893,0.49981366951341427,0.023235825516611026,195,0.012300838244444383,66.66242516412773,0.014532020718945897,0.016572657491271972,0.031073573294789804,195,0.011646053792625684,69.48783464278023,0.01279328424662515,0.020459728828784676,0.033219760062334416,195,0.021351042994810856,118,10783,118,77,1.0,3.0,4,3.8200268239220447,37.15399238477672,10.281605229286859,0.3559322033898305,0.1440677966101695,21.1864406779661,5.082147713828967,118,0,0,0
50,202607649,canonical_gridsearch_refit_2026_09_10,80.67614180465867,0.2212993624306786,0.5100937130061617,0.025282832537855265,195,0.008107203642475731,86.10720381289735,0.23650757024587224,0.5694437246542446,0.02376105387365503,195,0.009615183827631326,67.47045799469598,0.01545706198171035,0.015284046956770157,0.03071036776971934,195,0.00917667767917151,69.63090224283029,0.01190823202521059,0.022256691520903843,0.034130758622540724,195,0.017759491409446826,118,10740,118,74,1.0,3.0,4,3.689622355998316,35.50736301293636,10.391147195735375,0.3644067796610169,0.22033898305084745,14.406779661016946,5.378783532016316,118,0,0,0
51,202607650,canonical_gridsearch_refit_2026_09_10,89.55453702889041,0.3480530986973715,0.6112906162542714,0.025233056947986113,195,0.007606024024087112,84.39771651953126,0.2108296302573091,0.5391294719316241,0.023556413637284782,195,0.009578547313157769,66.74014539390376,0.014178883784214776,0.017479817333095025,0.03162704220430267,195,0.008152241647942546,69.32929583612474,0.011918385233828727,0.02220115633771761,0.03408542090752117,195,0.017593637220633455,118,10799,118,71,1.0,3.0,6,6.374923190964053,35.332471838954845,18.042675361126467,0.423728813559322,0.13559322033898305,28.8135593220339,9.423812638636235,118,0,0,0
52,202607651,canonical_gridsearch_refit_2026_09_10,87.54652515244081,0.29831265841053733,0.5367605631323,0.02486870838228893,195,0.00935658593718292,84.64414069534135,0.20248302714313526,0.5032466425487633,0.02356969643310961,195,0.01178670560383087,66.77222588206372,0.014006656993181483,0.017990571883453706,0.03196523161281393,195,0.010715246412943327,69.24928193721253,0.011464884879078733,0.02317521746241944,0.034605462133638194,195,0.020305093730353354,119,10756,119,76,1.0,3.0,4,6.644070001299953,36.04904320380659,18.4306417336435,0.453781512605042,0.2184873949579832,23.52941176470588,9.528828916605566,119,0,0,0
53,202607652,canonical_gridsearch_refit_2026_09_10,85.35804605678156,0.2618010350308496,0.5198125990247826,0.025192401695608827,195,0.008247971355363693,84.40842472269377,0.19134120943114225,0.4907515448898145,0.023694068650216497,195,0.00942637102467425,66.07233864905339,0.012821562529702778,0.020007337373087797,0.03279607055252018,195,0.008360720526779188,69.433090711698,0.011463898412480232,0.022874826252086037,0.03430438585012996,195,0.016292075145540458,118,10808,118,76,1.0,3.0,4,5.437890576183282,36.57560330705014,14.86753487162603,0.4067796610169492,0.211864406779661,19.491525423728817,7.887268621679286,118,0,0,0
54,202607653,canonical_gridsearch_refit_2026_09_10,84.51580514365122,0.28288938547693226,0.5754000943439275,0.025403433227685943,195,0.00827251670776781,86.0234816888997,0.2546884615034483,0.6082775390541456,0.02374530683263359,195,0.010838668635274398,65.73106463827605,0.012826329637930652,0.02016224862537811,0.03295558961308299,195,0.009871846510208563,69.25306440801681,0.011909729593590218,0.022416691469599893,0.03429209436447455,195,0.018684892508360543,119,10842,119,79,1.0,3.0,4,4.044218157551536,36.482880643978426,11.085248988470548,0.40336134453781514,0.2773109243697479,12.605042016806722,5.178142731398015,119,0,0,0
55,202607654,canonical_gridsearch_refit_2026_09_10,79.86212573193873,0.1921565980665324,0.448340562390834,0.025052122500914938,195,0.007415409626659507,85.29338960767578,0.22026038563646036,0.5450448397643798,0.0235387733098939,195,0.008702884515786975,67.88833239095814,0.015305812741130478,0.015509254342054713,0.030784251988874932,195,0.007863081391152948,69.69875866731418,0.011604646599942687,0.022658553972535092,0.03422893726787293,195,0.016083835550320728,118,10783,118,73,1.0,3.0,7,5.457533258514447,38.70233613252957,14.101301895126054,0.3898305084745763,0.2033898305084746,18.64406779661017,6.83604001253272,118,0,0,0
56,202607655,canonical_gridsearch_refit_2026_09_10,87.56057109824171,0.306720272123305,0.5715851346991715,0.025124264820385656,195,0.008655873491806047,87.10626329290521,0.24263760096312162,0.5500496579844563,0.023463672608285052,195,0.013199424786490842,65.82033785041665,0.012263369797274392,0.0210308517385331,0.03326092731303592,195,0.011682086082329254,69.10075682014535,0.011402943086298642,0.023119756452213355,0.0344881767876086,195,0.020737800964256786,118,10787,118,71,1.0,3.0,4,6.130603925242877,37.24553770121811,16.45996890801331,0.4745762711864407,0.23728813559322035,23.728813559322035,7.659771660572964,118,0,0,0
57,202607656,canonical_gridsearch_refit_2026_09_10,83.58446803951507,0.28085215657203527,0.5954977644170192,0.025193060229850767,195,0.008363104544101004,87.98347512003569,0.2644972462954046,0.6136938992484663,0.024029129710127266,195,0.009601814831379944,67.02430917968175,0.014294717583575024,0.01788415281019865,0.03214669142286937,195,0.008427930229566642,68.88659452753288,0.01055182767646327,0.024557168170174982,0.03507388603286131,195,0.01677571420761906,120,10755,120,70,1.0,3.549999999999997,5,4.659381556682596,37.95549007916421,12.27590935320416,0.38333333333333336,0.24166666666666667,14.16666666666667,6.080132260394503,120,0,0,0
58,202607657,canonical_gridsearch_refit_2026_09_10,88.80254526622767,0.3093915661429649,0.530566230323793,0.02501712915811242,195,0.008770355199340262,80.03966216243745,0.150331038958946,0.44580240215136024,0.0236416347828701,195,0.010729867195079748,65.55979615644651,0.01180018752585631,0.02222231616019139,0.03398848110841653,195,0.010681532587222882,69.46844350785497,0.012004454234806543,0.02251704627702365,0.034486979011106644,195,0.018612099826103533,118,10835,118,72,1.0,3.0,4,6.4639554129213055,34.778095009788714,18.586283725724332,0.4491525423728814,0.1864406779661017,26.27118644067797,10.560372174126048,116,2,2,0
59,202607658,canonical_gridsearch_refit_2026_09_10,86.76190315966791,0.2761250675900447,0.5066892457393108,0.02468060111636821,195,0.007087021678482982,82.2953469919024,0.1682536295074632,0.44921194317023894,0.0234191465910541,195,0.009423799702735849,67.43565039425741,0.015661408285786157,0.014842565505765896,0.03047346981408522,195,0.00954137731596202,69.04470075885764,0.011387607741423895,0.023092198179082847,0.034445326034996615,195,0.017136016962593068,118,10803,118,66,1.0,4.75,6,4.635040691882109,34.982117184618566,13.249743197133046,0.4067796610169492,0.2711864406779661,13.559322033898308,6.32382504716464,118,0,0,0
60,202607659,canonical_gridsearch_refit_2026_09_10,82.79423033109097,0.23874152783615335,0.5028740550759675,0.02514982117041227,195,0.009644689386717708,82.58595864492915,0.19400393784704958,0.5380917975823585,0.02389526903010103,195,0.014019946173322492,65.80093829286325,0.011987657138180714,0.02200524031846759,0.033958904544593924,195,0.010145945451843297,69.20786782960347,0.010980605111049533,0.024249112318446328,0.03519448771206248,195,0.020465558332511593,119,10798,119,77,1.0,3.0,4,4.58227372228437,35.85079850364399,12.781510910610855,0.42016806722689076,0.2773109243697479,14.285714285714285,5.774484212543808,119,0,0,0
61,202607660,canonical_gridsearch_refit_2026_09_10,85.36821951140992,0.2823422251842024,0.5522210596167928,0.02470099329427658,195,0.007251014801560388,85.88544649249705,0.2445301482066904,0.5867590862950282,0.023255389851628627,195,0.010873226462886937,66.59609374648164,0.014112564462975603,0.017687123595526964,0.03176788800240739,195,0.010574693266477328,69.3478221851928,0.01154860036914596,0.02261974292923083,0.03413417127148501,195,0.01949498003605702,119,10842,119,73,2.0,3.0,4,7.856704442603762,32.076622649348735,24.493552605243746,0.40336134453781514,0.16806722689075632,23.52941176470588,12.804031989444905,119,0,0,0
62,202607661,canonical_gridsearch_refit_2026_09_10,83.1621398889466,0.2349306719573459,0.4895842536270745,0.024911804078697995,195,0.006898220578425633,84.6568978615181,0.19811032117300562,0.48228653489095197,0.02332950455269909,195,0.010378121306084072,67.02698074792507,0.014817456026708706,0.016466389512485035,0.03125256158975742,195,0.009231059996350256,69.90030856455711,0.012632980155203042,0.02096724390865238,0.03356662365986255,195,0.01803179321431886,119,10796,119,71,1.0,3.0,5,5.570602386195525,37.70560168144281,14.773938454182403,0.44537815126050423,0.24369747899159663,20.16806722689076,6.894579915653704,119,0,0,0
63,202607662,canonical_gridsearch_refit_2026_09_10,87.22134746693044,0.28708319917678193,0.5269164989609612,0.024785542485041483,195,0.008281698538433916,82.944065465854,0.1773373800543436,0.47717101210630736,0.023573476167147566,195,0.010108863648216436,67.02935405734577,0.01414873415238349,0.017375234879861336,0.03149244501031385,195,0.009149125750849566,69.14153036148052,0.01143411600601376,0.022576407788041944,0.03397651306234077,195,0.0174995683654876,118,10823,118,70,1.0,3.0,4,5.311474140320698,36.08272992339198,14.720266874478739,0.3983050847457627,0.2457627118644068,15.254237288135592,7.562643273492165,118,0,0,0
64,202607663,canonical_gridsearch_refit_2026_09_10,88.15359517871937,0.2996173284467154,0.5399949022629075,0.02491524458718187,195,0.008532881961240095,86.03256242219413,0.21122113869026266,0.4962670738016155,0.02312291236839775,195,0.012601339467954545,66.21399547192239,0.012286460781254152,0.02044244671404817,0.03269617858780674,195,0.010709956858504217,69.71990871456576,0.011803674536376433,0.02197991637816758,0.033749807121323326,195,0.019419109554558615,119,10790,119,72,1.0,3.0,4,5.411467638690965,35.97491660242753,15.042335465277516,0.3697478991596639,0.226890756302521,14.285714285714288,7.308698050223569,119,0,0,0
65,202607664,canonical_gridsearch_refit_2026_09_10,81.77223053460793,0.2356036997444513,0.5126694653385432,0.025064058586061772,195,0.009300870090298268,86.99992233314174,0.26797337639088326,0.6239385184781384,0.023785472215362726,195,0.009723809129659509,65.65492984390708,0.012558305043864123,0.020457133458072988,0.03298242305840279,195,0.009188614098356314,69.53254498810155,0.01203143627772566,0.022388698096741214,0.034385713970840344,195,0.020086091904297075,119,10839,119,79,1.0,3.0,4,6.5383853046639855,36.27701819043119,18.0234915404062,0.40336134453781514,0.18487394957983194,21.84873949579832,9.362368108560034,119,0,0,0
66,202607665,canonical_gridsearch_refit_2026_09_10,86.18985701784356,0.26491203766140936,0.48922443012504074,0.02473151082403247,195,0.010431737184240376,83.09605089773854,0.1819226258874917,0.4684276094828656,0.02341632745454282,195,0.012029821663582565,66.8932859793609,0.014601394120733212,0.016800652279563587,0.031370644319685066,195,0.011259371463280718,69.32953634608405,0.01197928251677102,0.021937654882319316,0.03388302045938683,195,0.01962059804155387,120,10835,120,81,1.0,3.0,6,4.491443472743575,36.205244260240384,12.405505236919383,0.43333333333333335,0.3,13.333333333333336,6.368616648756504,120,0,0,0
67,202607666,canonical_gridsearch_refit_2026_09_10,86.2701220532663,0.29847139333326755,0.5678569459166997,0.024841043089862788,195,0.007810133164165557,86.6876664011461,0.22449460535068236,0.5222987954067446,0.023494681253173427,195,0.012662696725752447,66.67437290348028,0.012827879089838248,0.020711190650060853,0.03350553048071885,195,0.011107076108553809,69.46505609377358,0.011057928591578255,0.023836804532029826,0.034859838288242295,195,0.019282021523025925,120,10810,120,77,1.0,3.0,3,4.944251555902211,35.74646432925167,13.831442210233595,0.43333333333333335,0.26666666666666666,16.666666666666668,6.318069838092404,120,0,0,0
68,202607667,canonical_gridsearch_refit_2026_09_10,83.42188457968422,0.26195040593487795,0.5556245041355564,0.025014050504945602,195,0.006538162547266742,79.87967595039473,0.14635449966322722,0.4426099729722603,0.023440974970234254,195,0.0117244403924935,66.75747327959613,0.013666320013840664,0.018659778255246336,0.032293772170817914,195,0.008692291922655217,69.16183275510936,0.011634062243258997,0.022465756630317635,0.034065716886159704,195,0.018724832198034648,119,10819,119,76,1.0,3.0,3,5.861392621733293,36.287713945791644,16.152554086182796,0.35294117647058826,0.17647058823529413,17.647058823529413,7.408071804649033,118,1,1,0
69,202607668,canonical_gridsearch_refit_2026_09_10,87.75931248564547,0.3069487924316292,0.5468930781174702,0.02485451595798172,195,0.008603437552074437,83.47129107759797,0.18576328210839002,0.46802626851153534,0.023414709291173025,195,0.011636653435405058,67.4143518849977,0.015797589191165515,0.014512883649673595,0.030280162367998045,195,0.011679865087890335,69.69414797168092,0.012477938650595627,0.021296355023061847,0.03374051937979091,195,0.01995903624754931,118,10820,118,74,1.0,3.0,5,3.3695605107699396,35.30062887984663,9.545327144847679,0.3983050847457627,0.2796610169491525,11.864406779661019,4.403369946656422,118,0,0,0
70,202607669,canonical_gridsearch_refit_2026_09_10,85.53012713292047,0.2956283317438291,0.5797009304893157,0.025004836057705877,195,0.009368445546895778,86.26250131454992,0.2592571917259663,0.6189993094637843,0.023710110981957064,195,0.012678006580229915,66.65295020713654,0.013872585332572763,0.01829061265930813,0.03213103479388108,195,0.009946789008172734,69.28669127238238,0.011336729637328036,0.023272200272660876,0.03457432097658392,195,0.020134194005388434,119,10862,119,76,1.0,3.0,5,5.922481995932802,33.131687168344826,17.87558226612543,0.42016806722689076,0.17647058823529413,24.369747899159663,8.575431860709578,119,0,0,0
71,202607670,canonical_gridsearch_refit_2026_09_10,84.58702879062683,0.25836003814209396,0.5136048624206627,0.02472316257862352,195,0.007988068468717203,84.93915203371328,0.21332707730640532,0.5283200000979918,0.02344610453499751,195,0.01160605217324965,67.38644911887936,0.015068819339064864,0.01612459674553512,0.03116222265309641,195,0.01081577825328743,69.4559237267958,0.011752903293316394,0.022519708564827864,0.034238339018720886,195,0.020869123604914424,119,10773,119,74,1.0,3.0,4,5.392815591998685,34.859150829878104,15.470301093440442,0.42016806722689076,0.19327731092436976,22.689075630252102,7.495793819956003,119,0,0,0
72,202607671,canonical_gridsearch_refit_2026_09_10,85.77763918255022,0.289934859121685,0.5506494545566328,0.024903311439319446,195,0.008638063057946349,83.65548364042041,0.2132889844029765,0.5443316432289632,0.023393793256897312,195,0.010602466900071782,66.432096261558,0.014020924976833866,0.017386013397421057,0.03137553143052194,195,0.010937312222500276,69.8705604523129,0.0129196403281462,0.020282075280755745,0.03316851363011391,195,0.01888480359647015,118,10837,118,75,1.0,3.0,4,4.556398519159943,34.74739617002516,13.112920740491399,0.3898305084745763,0.3050847457627119,8.47457627118644,7.8341672238561735,118,0,0,0
73,202607672,canonical_gridsearch_refit_2026_09_10,87.34095540842296,0.3062393689730086,0.5464494964223954,0.024681353566727748,195,0.007128807195748407,85.38772023811477,0.21735876762446502,0.5076888337306494,0.023157341827836138,195,0.008662823737617965,66.27702850388741,0.01462183100275802,0.01614476324033054,0.030735827521066742,195,0.008499583984354356,69.78776811131819,0.012714314452942818,0.020735523374977985,0.03341638789972447,195,0.018945946057558335,119,10840,119,69,1.0,3.5999999999999943,5,7.888051968070092,33.667536222320685,23.429252191137532,0.42857142857142855,0.18487394957983194,24.36974789915966,11.341849039019607,119,0,0,0
74,202607673,canonical_gridsearch_refit_2026_09_10,87.1414827846351,0.31651159348574937,0.5910306878495989,0.024959102080219387,195,0.009821627394118314,86.59370072379426,0.24339621758082522,0.5683445937474219,0.02354190204392323,195,0.011168358042818832,66.79092328251357,0.014342949410525267,0.017096660492512603,0.03140817021071687,195,0.011272296705631464,69.91572825405999,0.012627051166921983,0.021138968356116478,0.03373225350351542,195,0.02291734672244105,118,10772,118,69,1.0,3.5999999999999943,6,4.434448568994865,37.06325748634355,11.964540814117044,0.3135593220338983,0.22033898305084745,9.322033898305085,5.909451327676699,118,0,0,0
75,202607674,canonical_gridsearch_refit_2026_09_10,85.18967595357525,0.27863439545058255,0.5435590519929199,0.024885839267906128,195,0.010529143995069535,85.25030239553202,0.22026036306510197,0.5218749019280209,0.02320525470712802,195,0.013699305533446532,65.74588429453974,0.012820483687146651,0.01985101723471335,0.03263882939790861,195,0.010975327917406635,69.78552895298552,0.012777751336678102,0.020791551676946574,0.03353573371061104,195,0.020654984723113452,119,10828,119,74,1.0,3.0,7,3.770346363526543,33.351647292481005,11.304828005831522,0.4117647058823529,0.2773109243697479,13.4453781512605,6.527230124293851,119,0,0,0
76,202607675,canonical_gridsearch_refit_2026_09_10,86.15754312605799,0.31202657477641577,0.598340526871704,0.024722170180122197,195,0.00649536485440503,86.01383080336359,0.2412908604032334,0.560865918920649,0.022920106172850212,195,0.009574397415975934,65.05784085545204,0.011210287877493626,0.022313614500267618,0.033490377546119034,195,0.008556940382726943,69.16826040670658,0.011682508295232045,0.02237440869999165,0.034022860071353,195,0.01873417188069295,118,10883,118,80,1.0,3.0,4,4.999324170716127,34.968260916062185,14.29674807882641,0.288135593220339,0.15254237288135594,13.559322033898304,6.788366965213726,118,0,0,0
77,202607676,canonical_gridsearch_refit_2026_09_10,91.04119731625777,0.3675401374889534,0.6213408044255636,0.025412987190682766,195,0.008379609905520337,84.23311910032383,0.21477872281027613,0.5509437513145635,0.023797876660578365,195,0.011866968610667923,66.7478659207032,0.014198377924324594,0.017692527710041612,0.03185901472869914,195,0.01004688634496863,69.78497984263332,0.01219225157534878,0.02195131669396084,0.03410942469679951,195,0.018946007868782037,119,10796,119,74,1.0,3.0,4,5.908376865488434,34.74490502168962,17.005016596822212,0.3865546218487395,0.15126050420168066,23.529411764705884,8.542093207962399,119,0,0,0
78,202607677,canonical_gridsearch_refit_2026_09_10,86.34603079843818,0.2749771099044411,0.5076625740928893,0.02477834019912728,195,0.008771886627418462,83.64534620056689,0.1953497137077848,0.5142973282374338,0.02379545740877507,195,0.013196889715692666,66.78198891670588,0.014422437106701883,0.01716545047718013,0.03155629955814081,195,0.011800035668573126,69.31912853025851,0.011933414484599298,0.022107095154809953,0.03400646903133945,195,0.02242726456388393,118,10791,118,71,1.0,3.0,4,3.9135823914641943,36.38498826368231,10.756035876945816,0.3728813559322034,0.2711864406779661,10.16949152542373,5.218714023513709,118,0,0,0
79,202607678,canonical_gridsearch_refit_2026_09_10,82.4438584825012,0.20805705519156847,0.4297092744149113,0.024606024797992305,195,0.007421451385940804,85.12064256160777,0.19864423817750343,0.4851449988050456,0.023540168902950236,195,0.011988385065876614,66.31976754042127,0.013040670738596763,0.01974122319148751,0.032749112036154174,195,0.008189960949391485,69.62533250412613,0.012142470619198101,0.02178474614353464,0.0338932895429114,195,0.019303618536706084,118,10768,118,71,1.0,3.0,4,5.46284718913417,35.380569004503904,15.440246844076352,0.3559322033898305,0.1864406779661017,16.94915254237288,8.337579180482901,118,0,0,0
80,202607679,canonical_gridsearch_refit_2026_09_10,89.05975469168781,0.32532779542073387,0.5592596077209997,0.024638945713759478,195,0.006903652843448157,84.26173361302106,0.2097518060876857,0.517250304863037,0.02320107749011402,195,0.010520126569136415,65.67963392077027,0.0126389103233034,0.019877559814064676,0.03248395366588125,195,0.009006627815474975,69.76701667451331,0.012863637115855746,0.020182417253698286,0.03301300831272777,195,0.017309247342087563,118,10812,118,70,1.0,3.0,4,4.382706331352635,34.54042851387685,12.688627558838343,0.4067796610169492,0.288135593220339,11.864406779661019,7.419246136873305,118,0,0,0
81,202607680,canonical_gridsearch_refit_2026_09_10,84.8229994577329,0.2824417250820446,0.5588493829575761,0.024827598300068976,195,0.006991085479181873,82.69250899553313,0.2047735885428465,0.5592874555507541,0.02318541972601796,195,0.009532744217993832,66.70840977673589,0.014703505522958536,0.015916453188712508,0.030589338752959244,195,0.009009150075766852,69.66498972462436,0.012895773090367657,0.019949416056811924,0.03281234391354255,195,0.01705375361359642,118,10861,118,76,1.0,3.0,5,2.5594582768718603,38.63729706182549,6.624320207431544,0.3559322033898305,0.3389830508474576,1.6949152542372892,3.335907054789482,118,0,0,0
82,202607681,canonical_gridsearch_refit_2026_09_10,86.62112018599993,0.2845371741156752,0.5346613675777784,0.02493751449424338,195,0.009875369015402742,84.38227052821775,0.20527733917836005,0.519918371223596,0.023452124962919332,195,0.012452757936594267,65.93814239938997,0.012189231514759645,0.02116199611298285,0.03331787612389685,195,0.010646723073243845,69.38951657279289,0.01156026052233945,0.02268118054919997,0.03420719962991272,195,0.019708769797540195,119,10742,119,69,1.0,3.0,5,4.947124141274688,35.27362692116886,14.024994232463676,0.40336134453781514,0.25210084033613445,15.126050420168069,6.401893421778823,119,0,0,0
83,202607682,canonical_gridsearch_refit_2026_09_10,81.6753033856958,0.2190557335533324,0.48283069493912734,0.025094792520856703,195,0.008890799679608114,85.12573188112108,0.21053058922305232,0.5365835562332504,0.02393071267680444,195,0.01258938447805061,67.1445439635393,0.014311676322648135,0.01772275898301352,0.032002400870355996,195,0.010248346907829489,69.64668181254683,0.011796444919918773,0.02254872167011733,0.034310821228724094,195,0.02072067512892444,118,10808,118,72,1.0,3.0,4,4.416362841256361,36.289432182047726,12.169831754604093,0.3728813559322034,0.16101694915254236,21.186440677966104,5.529529554808029,118,0,0,0
84,202607683,canonical_gridsearch_refit_2026_09_10,86.707589603591,0.29620325520154644,0.5432451554212375,0.024836190762541836,195,0.00793761680628147,85.37935355293446,0.21870395143177912,0.5118234322726215,0.023458784259918146,195,0.010880248346708388,65.74865857781482,0.01401968487149251,0.01751544277571295,0.03150359182018469,195,0.009481764353073938,69.41989360686063,0.012696573724264464,0.02095414365167445,0.033617066138210354,195,0.017493242717461936,119,10822,119,78,1.0,3.0,4,3.639959580639471,35.22566023211578,10.33326148226702,0.37815126050420167,0.19327731092436976,18.48739495798319,5.7902630655842415,119,0,0,0
85,202607684,canonical_gridsearch_refit_2026_09_10,87.20880886367414,0.30082585957663577,0.541717901882224,0.02457922687891539,195,0.009105227522183259,85.63726468695721,0.21702895896559854,0.5063908298670026,0.02322116545742755,195,0.010531145993914488,66.59399877858039,0.014366055967376452,0.01700528123562636,0.03133996574565172,195,0.009713229558461338,69.89338543623946,0.012759350215059187,0.020662259413434397,0.03338818777146207,195,0.0200064246110207,119,10826,119,73,1.0,3.0,4,5.419308957142519,37.642922362562665,14.396621242489477,0.35294117647058826,0.2184873949579832,13.445378151260506,6.900480720663708,119,0,0,0
86,202607685,canonical_gridsearch_refit_2026_09_10,86.79550671491623,0.29134327223409495,0.527527688616201,0.0245277942239216,195,0.008081250526919895,85.50500234062541,0.21840019239112463,0.5106138592962179,0.02326814206029663,195,0.010225589945174425,65.11179555237901,0.010923200179790354,0.02302450980714539,0.03391376227690919,195,0.00913356690120948,69.13557339707882,0.011687527469016946,0.02236087323917258,0.03401435230748134,195,0.01698398366702353,119,10856,119,71,1.0,3.0,5,6.151331456644772,36.22092758123629,16.98281040111015,0.4369747899159664,0.19327731092436976,24.369747899159663,8.265432752814519,119,0,0,0
87,202607686,canonical_gridsearch_refit_2026_09_10,91.01764474701443,0.33902419906487036,0.5443771577566134,0.024543221161458045,195,0.007821150337667516,83.96685168045879,0.1877874252839087,0.4612475134990373,0.023250193964457495,195,0.011823739694304386,66.98877012733307,0.015100118373209178,0.015513971610062266,0.03058347586518201,195,0.009638695090574481,69.40029796217944,0.012327079238292548,0.02128957326762194,0.03358303561884967,195,0.019772794729075796,118,10834,118,76,1.0,3.0,4,5.251303130430357,35.610196343820604,14.746627847059342,0.3728813559322034,0.2457627118644068,12.711864406779661,7.841525325436768,118,0,0,0
88,202607687,canonical_gridsearch_refit_2026_09_10,86.02796409388789,0.2707216823696834,0.4955287003581571,0.024450310876486744,195,0.007964044357388272,85.76561873805983,0.22062280247832475,0.5088747918235104,0.02336536282699841,195,0.010434986653369262,65.73074102680269,0.013184858671085774,0.01896550886534716,0.032118217168412594,195,0.009207670580444208,69.24050423746228,0.011949360708830166,0.022074953497264283,0.03399028989188818,195,0.016946703816179458,119,10827,119,72,1.0,3.0,4,4.2324882370029036,34.73975641808002,12.183413683350238,0.44537815126050423,0.2605042016806723,18.487394957983195,6.666619439044151,119,0,0,0
89,202607688,canonical_gridsearch_refit_2026_09_10,90.89986488080426,0.36163429971376704,0.5855044127378786,0.024554397726512897,195,0.00805147396247892,84.37447612399136,0.20347838744917032,0.4827448576178691,0.023012070330027765,195,0.010604341449463046,64.82066866286586,0.011141151270020336,0.022432922805770562,0.033540499911112555,195,0.010165743746982814,69.49070014464066,0.01263907306689406,0.020795288445268543,0.033400926527648415,195,0.01966405907139886,118,10822,118,72,2.0,3.0,3,4.424678899236478,35.4236595720073,12.49074475278939,0.423728813559322,0.2457627118644068,17.796610169491522,7.309210411116879,118,0,0,0
90,202607689,canonical_gridsearch_refit_2026_09_10,84.54600868899314,0.25140261492056915,0.48654313961605894,0.0244744350117919,195,0.007593917248490255,84.53016977693994,0.22037428111545285,0.5620106512869578,0.02346522471857486,195,0.010476817093583744,66.28784218035395,0.013571838991718004,0.01849143022813668,0.032031205931887914,195,0.00912775878899727,68.85966351948956,0.011115196099207858,0.023344338416757628,0.034425074665258744,195,0.017668480852666327,119,10874,119,73,1.0,4.0,5,5.018303423877781,32.98965632483411,15.21174811421142,0.3865546218487395,0.25210084033613445,13.445378151260506,7.701813612049939,119,0,0,0
91,202607690,canonical_gridsearch_refit_2026_09_10,81.97711051434977,0.2291620783564382,0.49665910933847696,0.024694247890437858,195,0.008225503462646427,84.7862847113749,0.21676618626687574,0.5353635941674524,0.02320738195690155,195,0.009319481995872566,66.63571304889112,0.01342111168913168,0.018948159806216253,0.0323369021795783,195,0.009858329838814097,69.47805933989399,0.011423065730321839,0.022982186012803624,0.0343708463911888,195,0.019382179202472725,119,10832,119,79,1.0,3.0,4,6.7809161038215295,36.158906569688725,18.753100541778643,0.453781512605042,0.17647058823529413,27.73109243697479,9.232742731470914,119,0,0,0
92,202607691,canonical_gridsearch_refit_2026_09_10,85.33825050839019,0.26812169935647123,0.5058798186906651,0.02475403528490457,195,0.007395465324724247,86.44210129095947,0.24699953121205154,0.5728641053871646,0.0235837898260648,195,0.009198234065135603,66.24919262053977,0.013911441123211535,0.018096484032842464,0.03197591688804228,195,0.009160564542194192,69.79571241729394,0.013144890311179932,0.02011211878312257,0.0332237520582511,195,0.01788650709125438,119,10826,119,72,1.0,3.0,4,5.199938811165129,35.92409885898281,14.474792622014196,0.3949579831932773,0.2605042016806723,13.4453781512605,7.996832845801048,119,0,0,0
93,202607692,canonical_gridsearch_refit_2026_09_10,85.79014507296044,0.27012658647104526,0.5156540908150251,0.02508112565596098,195,0.009833299674888368,85.53106945139358,0.21359841867033807,0.5121512331922343,0.02365589633726617,195,0.011098738323690993,68.43026197316208,0.01721280818966784,0.011568473322909405,0.028752500231064668,195,0.009898491002842083,69.57704490797468,0.012010601245017832,0.022406571744001853,0.03438275581602707,195,0.018372915278167652,119,10786,119,72,1.0,3.0,4,5.571648255434157,38.293775793032005,14.549748986747824,0.3865546218487395,0.226890756302521,15.96638655462185,6.856429261424516,119,0,0,0
94,202607693,canonical_gridsearch_refit_2026_09_10,84.58657153540695,0.2873482217863708,0.5965502910701052,0.02532482721350428,195,0.009271437297508886,84.35490570247462,0.23594906398578527,0.633846068849281,0.023922281178525767,195,0.013652793130767957,66.58799390696457,0.013396200760046443,0.01939671329545635,0.032760120707159196,195,0.00869029876771983,69.40715265823432,0.01124132990117547,0.023690341887363766,0.03489673587105441,195,0.01712875871530209,118,10824,118,74,1.0,3.0,4,6.148483463084278,33.11711984707472,18.565876173641296,0.4322033898305085,0.22033898305084745,21.186440677966104,9.639791697861497,118,0,0,0
95,202607694,canonical_gridsearch_refit_2026_09_10,83.2501322995683,0.25901256728819283,0.5532121537001402,0.02521812828381082,195,0.006821915442653256,83.88593201620958,0.20174971907320038,0.5327398102512024,0.023725814765677235,195,0.0114490579178878,66.48802320079872,0.012900092721574573,0.02025244792438936,0.03311938749558186,195,0.008332353682253534,69.50671485000782,0.011382383346289495,0.023409240300768696,0.03475683129573848,195,0.019153265423939782,118,10811,118,76,1.0,3.0,4,4.53112880868983,37.72719310467909,12.010246286061127,0.3474576271186441,0.2033898305084746,14.40677966101695,5.667721828753235,118,0,0,0
96,202607695,canonical_gridsearch_refit_2026_09_10,85.6508124635296,0.290930882679321,0.5693882071256489,0.024943477719901744,195,0.007713501075199125,85.79442739336099,0.22327756855415384,0.5491619413284793,0.023666606539613756,195,0.011663065970229612,66.31468994494753,0.013253251463727758,0.018903510647211973,0.032124605348619696,195,0.00963536757601659,69.59339552270471,0.012014895964579362,0.022103474865578877,0.034084252451195896,195,0.020278147716309033,119,10819,119,79,1.0,3.0,5,5.383051214271407,35.25399566271521,15.269336462659597,0.40336134453781514,0.2184873949579832,18.487394957983195,7.815722066066506,119,0,0,0
97,202607696,canonical_gridsearch_refit_2026_09_10,86.22906892015061,0.2956877863796242,0.5656813438506856,0.02487068253164897,195,0.007342605108608383,85.233507152094,0.22785093521759314,0.5702977919287731,0.02358759903826431,195,0.010980308174393329,66.78527851828292,0.01442123997141017,0.0167373788709452,0.031127460153844076,195,0.009138092665454052,69.15604361018323,0.011557303057518478,0.022466097726246193,0.0339893772341738,195,0.018734726567166002,119,10844,119,69,1.0,4.0,5,4.976670220709525,36.010766203601754,13.819950935150512,0.37815126050420167,0.17647058823529413,20.168067226890756,7.296386717583633,119,0,0,0
98,202607697,canonical_gridsearch_refit_2026_09_10,85.37951642265521,0.2688885323229521,0.5133081200938425,0.0247958166404124,195,0.011177419388539066,86.6922842977719,0.22586613119044252,0.5082285397353016,0.02326029424804908,195,0.011972602698014348,67.45614418443574,0.015859448501713617,0.014155244629063618,0.029984678313312876,195,0.011057483397811511,69.61946791283336,0.012432344143846082,0.02122426504058303,0.03362295253560745,195,0.019257053440886795,119,10794,119,76,1.0,3.0,7,4.86126467408422,38.73687471227567,12.549449872226504,0.3865546218487395,0.2184873949579832,16.80672268907563,6.230487130153207,119,0,0,0
99,202607698,canonical_gridsearch_refit_2026_09_10,87.11283979749604,0.28597742014729916,0.5178639523761739,0.02478522708594177,195,0.009766082839459612,83.36014765771218,0.17360240477650252,0.4432347532143603,0.023374351879045255,195,0.012276452527484787,66.76434447803175,0.013698756473265673,0.018613374862310895,0.03227981904034169,195,0.010175774382245116,69.44274699289716,0.01145152473000594,0.02318742315812968,0.03460430883993099,195,0.01994083567732901,118,10784,118,71,1.0,3.5,4,5.08627486458947,36.15525487186936,14.067871690061995,0.3305084745762712,0.1864406779661017,14.40677966101695,8.26401171274098,118,0,0,0
100,202607699,canonical_gridsearch_refit_2026_09_10,91.77824153121611,0.393683491223807,0.6463891347029357,0.0250600791848204,195,0.00851736027064057,85.24030562481525,0.22097919412101966,0.5453252772166243,0.023563814999108954,195,0.010292646421947903,65.97637396814032,0.012226198657681698,0.02093695098834182,0.0331299859449669,195,0.009085478310605712,69.03121750431184,0.010585806683218154,0.024341713254475518,0.03489259241435216,195,0.017887665756382988,118,10772,118,70,1.0,3.549999999999997,5,4.867141527927359,36.20261917911364,13.444169616145775,0.4406779661016949,0.22033898305084745,22.033898305084744,6.765314698494535,118,0,0,0
101,202607700,canonical_gridsearch_refit_2026_09_10,88.24037064012657,0.31242898905773797,0.5588279673934413,0.025051047898829115,195,0.008268468768720392,86.96140012716413,0.2505223248695546,0.5799207556187368,0.02347484145722042,195,0.011040302133949801,66.3029131836224,0.012815877549848398,0.020261159034049736,0.03304395954188671,195,0.009837792379201453,69.33076996432393,0.011369004165342823,0.02324352785244442,0.03457791916156675,195,0.019855230905522495,118,10848,118,75,1.0,3.0,4,6.060344591380978,34.360802835283415,17.63737774240219,0.3728813559322034,0.1694915254237288,20.33898305084746,8.920152243724544,118,0,0,0
102,202607701,canonical_gridsearch_refit_2026_09_10,88.28961752003072,0.3373774318676213,0.6176139238363808,0.025319153549279726,195,0.008016040093760977,83.1486252319958,0.20055319292261448,0.5205206323842037,0.02327803164751107,195,0.010361250325106361,68.06438627083747,0.01665296493469797,0.013081219795805676,0.029704450545773142,195,0.010140825205239734,69.75134879416697,0.01244508112300516,0.02144273824804309,0.03385393146035072,195,0.017472197063215334,118,10819,118,75,1.0,3.299999999999997,5,4.617971502603988,37.18433660574257,12.419131075450759,0.4152542372881356,0.288135593220339,12.711864406779661,6.302228931473092,118,0,0,0
103,202607702,canonical_gridsearch_refit_2026_09_10,82.05568394553481,0.22893942267485667,0.4835666533796451,0.02455412660683391,195,0.008893734808898025,84.70901611112596,0.20014717282220962,0.48838312304799014,0.023229953649903604,195,0.010493592777927893,67.15838380047819,0.014491487335659655,0.016833137867983346,0.03129330046441507,195,0.009745739525231917,69.4864596459194,0.011608338223578976,0.02238839388156544,0.033962735285370756,195,0.018368811539705297,119,10837,119,76,1.0,3.0,6,6.530969002512108,37.32415617967745,17.497968262355897,0.42016806722689076,0.15126050420168066,26.890756302521012,8.690902467815814,119,0,0,0
104,202607703,canonical_gridsearch_refit_2026_09_10,84.4919016393818,0.27581461583946665,0.5489975662897663,0.02501466504568637,195,0.01151858801108854,85.01755022959985,0.23316282852907147,0.5716749684755652,0.023543849571836837,195,0.012784847276606127,65.88024957836967,0.013134889939210987,0.019556140472805718,0.032658339367941436,195,0.009467971035628867,69.79031040330275,0.013059340556576683,0.020297651330758896,0.03332363486872716,195,0.019787362164295788,119,10835,119,75,1.0,3.0,4,5.7087640198436,35.16455244216933,16.234428205028568,0.3697478991596639,0.2857142857142857,8.403361344537819,7.886200781033455,119,0,0,0
105,202607704,canonical_gridsearch_refit_2026_09_10,81.91162350676288,0.2261994812804804,0.48867871901067966,0.02529307107213799,195,0.0097900718929322,83.96997919309226,0.2010635115454223,0.5197554007653965,0.023892495434923836,195,0.01304969615623105,66.59794087651856,0.014873355734456705,0.01632165603948868,0.03116381676217144,195,0.009145843488738105,69.00004949534664,0.011719164065774208,0.02250647572569055,0.03419141285412371,195,0.01881855781729974,120,10786,120,75,1.0,3.0,7,2.9176753347156716,36.8627393250537,7.914971562443484,0.3,0.30833333333333335,-0.8333333333333359,3.8186955609206006,120,0,0,0
106,202607705,canonical_gridsearch_refit_2026_09_10,87.62250652488682,0.3011883778820186,0.5298785653639242,0.024916588101770467,195,0.008220950677757627,83.85407112132347,0.19501835339246618,0.479928857359913,0.0234386804667896,195,0.010476250152816701,65.16087520881473,0.012133464819204071,0.02099335892728048,0.033093696494167005,195,0.010846284017815714,69.78065351464475,0.01323870661609735,0.019916837301946103,0.03312238833714142,195,0.021162816944401926,119,10848,119,73,1.0,3.0,4,5.821254739757379,37.389241583190504,15.569330891093827,0.40336134453781514,0.14285714285714285,26.05042016806723,7.219564171590214,119,0,0,0
107,202607706,canonical_gridsearch_refit_2026_09_10,86.85029392621405,0.30132207874849604,0.5678824563047999,0.025290437078530806,195,0.006952879764325295,84.5915702499298,0.20563117181819104,0.5002320236449435,0.02337910350289862,195,0.01247064601401032,66.74466749021971,0.01448435580805534,0.017056845921804696,0.03150966052712539,195,0.010972420915000912,68.85660177529981,0.011248664356244928,0.023521229536655638,0.034735122914688776,195,0.018718073304167145,118,10836,118,75,1.0,3.0,5,4.159717644030552,36.34039728980349,11.44653871243642,0.423728813559322,0.211864406779661,21.1864406779661,5.433620193602813,118,0,0,0
108,202607707,canonical_gridsearch_refit_2026_09_10,90.01500648939347,0.3713207207760934,0.6437463631542993,0.0250341967144462,195,0.010909557929023077,87.7760669851357,0.2654751740998217,0.5822121473881806,0.023126795487892326,195,0.013551795690146083,65.76747281280876,0.01255201092014742,0.020588069177976644,0.03310693950209762,195,0.012396469544233945,69.72762318679288,0.012052185391637292,0.022224368331698382,0.03424227716961233,195,0.020801515341371497,118,10818,118,70,2.0,3.0,5,6.1732283820228755,36.001058853077694,17.14735226876565,0.4322033898305085,0.19491525423728814,23.728813559322035,8.294132271546829,118,0,0,0
109,202607708,canonical_gridsearch_refit_2026_09_10,91.28579515361372,0.3615827509736603,0.5941833506748841,0.02494556273904049,195,0.008028911673908358,85.5090140318583,0.21095772929855744,0.5000523931578423,0.02323279453715309,195,0.010458281455041676,66.95970487093827,0.015104404968814837,0.015368891217357893,0.030442822605772888,195,0.008823408313305576,69.33022997296287,0.011743367947107371,0.02246983849827973,0.03417899310821776,195,0.01767473459883189,118,10818,118,73,1.0,3.3999999999999915,4,6.220731679690597,36.13548081834481,17.21502395654449,0.5,0.2457627118644068,25.423728813559322,9.065418564638385,118,0,0,0
110,202607709,canonical_gridsearch_refit_2026_09_10,80.47811452278317,0.2202306655203964,0.5089615934902588,0.025311729928385207,195,0.006928227535094737,85.73075212712773,0.2366985179571626,0.5856778490886044,0.02379576487786884,195,0.009547714435050245,67.28557733826825,0.014861987259490774,0.0168762455736172,0.031706494450882174,195,0.01102823980442058,69.17888708169247,0.010818265529634592,0.02447634150645212,0.03525931172382264,195,0.018676527501015144,119,10815,119,68,1.0,4.0,5,5.415127632709093,33.84241413629026,16.001008707302255,0.35294117647058826,0.2689075630252101,8.403361344537819,7.854787138001534,119,0,0,0
111,202607710,canonical_gridsearch_refit_2026_09_10,84.18286845041956,0.25761338145792323,0.5261132759113702,0.024975834336016235,195,0.009061989032284492,85.64724051270491,0.22429891005629185,0.5489581782222047,0.023744659107995076,195,0.013741483230719604,65.29965637210809,0.011682842463019292,0.0221903962581409,0.033839365476952585,195,0.009691535701061283,69.43628938578607,0.01202175629646005,0.02234999260928213,0.034337377047087204,195,0.02061232929348448,118,10814,118,77,1.0,3.0,5,5.8853748331181,37.09067379750242,15.867532806897689,0.3644067796610169,0.1694915254237288,19.491525423728813,7.623963462742072,118,0,0,0
112,202607711,canonical_gridsearch_refit_2026_09_10,85.25290355918536,0.2679343996835052,0.5126239890425254,0.02476940512738466,195,0.007512445332220681,81.27976270234534,0.1660801645234931,0.46115511200230763,0.02352522482168573,195,0.010346071816418997,67.37287762091822,0.015822929542747215,0.014163779570939682,0.029956722280477997,195,0.008909906687515571,68.88872770305315,0.01150401896964921,0.022522620488824526,0.03399261245030043,195,0.017024779914580554,119,10836,119,72,2.0,3.0,3,5.746407556429765,34.97043583942195,16.4321874134376,0.3697478991596639,0.18487394957983194,18.487394957983195,8.406878539399472,119,0,0,0
113,202607712,canonical_gridsearch_refit_2026_09_10,86.74331815738296,0.3037647993239582,0.5757994659394984,0.02507400725929687,195,0.010138273880853428,86.84447672023569,0.23967419184376276,0.5563140694354388,0.0236199835576756,195,0.013433804274892039,65.85561263457059,0.013162752683396678,0.01949837387953328,0.03262846505297688,195,0.009576491870529195,69.47339692806734,0.011997534346657667,0.02227635288601916,0.03423961334469259,195,0.017884987218002763,119,10765,119,75,1.0,3.299999999999997,4,5.5089612456225385,38.623396494392566,14.26327497226284,0.42016806722689076,0.2689075630252101,15.126050420168069,6.75443883439825,119,0,0,0
114,202607713,canonical_gridsearch_refit_2026_09_10,90.32799973181599,0.3735004231004449,0.6347155797040147,0.024971944563882922,195,0.00860443924916643,82.67015893949164,0.19253680966648165,0.5138279037320551,0.02344010202794173,195,0.012369336164209608,66.73216593697383,0.015025592454613643,0.015661882441623528,0.03065678742009604,195,0.01092236972178174,69.35588419537302,0.011941546861145506,0.022060388983059686,0.033967933892318274,195,0.02016222539934172,119,10821,119,74,1.0,3.0,4,4.610146108677437,37.64983876707933,12.244796417849487,0.42016806722689076,0.2689075630252101,15.126050420168069,5.8942787396118455,119,0,0,0
115,202607714,canonical_gridsearch_refit_2026_09_10,83.10758585733312,0.23999040948402492,0.499605621053845,0.024848192512756984,195,0.007887958122655922,85.1030404772282,0.22574565489841325,0.5597011248888445,0.023518314595391915,195,0.011121299438161605,66.82764152868587,0.014251684545501755,0.017509478174904065,0.031729401557685416,195,0.009702355953722557,69.42769249678244,0.012092853951767853,0.021807572153440848,0.03386652559634303,195,0.017491831164166985,119,10807,119,71,1.0,3.0,5,4.4560481921871595,37.71753797575053,11.814260504097735,0.37815126050420167,0.2184873949579832,15.966386554621847,5.676303733950707,119,0,0,0
116,202607715,canonical_gridsearch_refit_2026_09_10,85.71380376002551,0.27716482166450856,0.5235059916000074,0.024672727930841642,195,0.01004438736844298,88.70009452357955,0.2555285295798567,0.547717122535898,0.023519437614528498,195,0.013530317005781752,65.20096618692453,0.011110194206316641,0.022760191959177153,0.03383651568299168,195,0.01207469646512255,69.21520904603213,0.0118635998714164,0.02227887950802186,0.03410833690005882,195,0.020082312919014376,119,10760,119,72,1.0,4.0,5,3.9133492960919236,39.55541846440012,9.893333070446312,0.3865546218487395,0.226890756302521,15.96638655462185,4.929301760337342,119,0,0,0
117,202607716,canonical_gridsearch_refit_2026_09_10,84.17541332002969,0.25398207266477263,0.5103855760628753,0.02514871250981771,195,0.007893371806529444,85.23020325927355,0.20766220091120183,0.494425298165703,0.02356373394481117,195,0.012428859757030678,66.6701694622378,0.01432886596598192,0.017183562210199902,0.03148091572376146,195,0.010461758810433996,69.26108690866882,0.012362263674113281,0.021252016236788185,0.03358066558126047,195,0.019178461342922944,118,10762,118,72,1.0,3.0,4,4.273517600478678,37.85492388666186,11.289198766516204,0.423728813559322,0.2711864406779661,15.254237288135592,5.19535957745974,118,0,0,0
118,202607717,canonical_gridsearch_refit_2026_09_10,89.0986440778234,0.3215453319709186,0.547971336380941,0.02465418828662728,195,0.007504331460207285,86.08369050132353,0.22598642998772628,0.5262266561570521,0.023266179586229924,195,0.010945402334904595,67.27240179614225,0.015045344739274156,0.015788745001080202,0.030803255646982334,195,0.010389316282383421,69.34666051074673,0.011970646733389526,0.021714423239338976,0.033651384666072905,195,0.017059112012489053,119,10815,119,77,1.0,3.0,5,4.7578821043403945,38.53844470340165,12.345807260666213,0.46218487394957986,0.23529411764705882,22.689075630252102,6.091655734408729,119,0,0,0
119,202607718,canonical_gridsearch_refit_2026_09_10,87.17847476987357,0.3231060603799199,0.5974037468290214,0.024781761746045662,195,0.009376379163485486,84.97981963371323,0.2222530913459186,0.5439040642224383,0.023361079621607373,195,0.011268361288586846,66.30059419999394,0.014225726851935325,0.016913480600410282,0.031108067979856775,195,0.009592708953539166,69.36001285346488,0.012326051789167881,0.021104618983740456,0.03339723891446316,195,0.0188652469070872,119,10834,119,76,1.0,3.0,5,4.927848233032359,37.90619522891917,13.000113050841977,0.3445378151260504,0.2773109243697479,6.72268907563025,6.142171003801575,119,0,0,0
120,202607719,canonical_gridsearch_refit_2026_09_10,86.49701820745113,0.28996384115807194,0.5545409054238827,0.02526292500798897,195,0.00831039394688547,85.87709765360718,0.2299455206866321,0.5517182478790551,0.023632138795741425,195,0.012678507361456492,65.0663312761038,0.011083363047009522,0.02262749787687828,0.033677148425007346,195,0.011098183759028482,68.93923246850598,0.010918458539446969,0.02403759829654348,0.03492110067836701,195,0.02021404806275778,118,10789,118,77,1.0,3.0,4,6.319501974368314,36.33437168927234,17.392627643081372,0.4067796610169492,0.19491525423728814,21.186440677966104,8.087428937302489,118,0,0,0
121,202607720,canonical_gridsearch_refit_2026_09_10,84.54088110394312,0.2831793106769274,0.5669368768259123,0.024974329771625777,195,0.006605124376978189,82.30582418636504,0.19199664208482378,0.5236006894811364,0.023608001015678323,195,0.010106425046353276,66.92976494448034,0.014656341079703447,0.016993428457773376,0.03161811949304463,195,0.010370758357622675,68.88193239584507,0.011097735829952807,0.023545498256866106,0.03460858840286076,195,0.017673274432616508,119,10841,119,74,1.0,3.0,5,5.889000019860026,35.43453027578511,16.619382207203667,0.44537815126050423,0.16806722689075632,27.73109243697479,7.367273545066588,119,0,0,0
122,202607721,canonical_gridsearch_refit_2026_09_10,84.64740470400078,0.2719814447023684,0.5455621859859666,0.02495099891948126,195,0.008959993853211976,83.72068010612477,0.19840072214127347,0.5152420922514727,0.02347991364470796,195,0.011926078104446472,66.63136765344423,0.014065976667919682,0.01770032993646812,0.03173454029778312,195,0.009768662014980873,68.82225813640467,0.011581881102144344,0.022239493652995122,0.033787553375075295,195,0.019004840198878815,118,10793,118,68,1.0,4.0,6,1.2592972310315032,38.272381457436325,3.290355036913496,0.3728813559322034,0.3220338983050847,5.084745762711868,1.5354140425652716,118,0,0,0
123,202607722,canonical_gridsearch_refit_2026_09_10,81.71239962781118,0.2257708114700119,0.48904821892795547,0.024943052628948754,195,0.007381779005890233,87.49211455859813,0.25496929405799146,0.5962072920203944,0.023749539145659315,195,0.008248707915240962,66.26755361395337,0.013197900883926915,0.01930744355720181,0.03247283897964043,195,0.007222217800806337,69.69557340467567,0.012018900545382679,0.02208485889062946,0.03406965567235564,195,0.018249003018327076,118,10799,118,69,1.0,3.0,4,4.52914112887959,34.536564203179545,13.114046615159891,0.3728813559322034,0.1864406779661017,18.64406779661017,6.652035402321406,118,0,0,0
124,202607723,canonical_gridsearch_refit_2026_09_10,85.57609255849873,0.2784053342506485,0.5313064965993405,0.024914287670059137,195,0.009360899424880316,84.38195108262887,0.20326414608228902,0.4940052359667871,0.023354186335903585,195,0.01244997814469617,66.99807301334727,0.014553235370178469,0.0171387440792563,0.031660287469985275,195,0.011249541622658479,69.71807746880894,0.012641202319768657,0.021160167328673568,0.03376756827879373,195,0.02183704687440512,118,10810,118,78,1.0,3.0,4,5.469870827694567,34.00370002241538,16.086104818266264,0.3644067796610169,0.2033898305084746,16.10169491525423,8.793491409268498,118,0,0,0
125,202607724,canonical_gridsearch_refit_2026_09_10,90.25070254762761,0.35419329074749567,0.5864523262838012,0.024791382939860798,195,0.010071277162121564,86.70884777839979,0.24460300963052667,0.5555960519616285,0.02330218742183674,195,0.012318552187783114,66.48182563378303,0.013876080917891503,0.018181934851828393,0.032025957753946135,195,0.011758183438632096,69.2786280781422,0.011091416655842108,0.023611029940608628,0.03466774414983373,195,0.018557105035916004,118,10797,118,74,1.0,3.0,4,5.597053960360243,34.386189940029965,16.277040201666974,0.4152542372881356,0.16101694915254236,25.423728813559322,8.960667929994724,118,0,0,0
126,202607725,canonical_gridsearch_refit_2026_09_10,86.43098081039142,0.3141427091614756,0.607352467189576,0.025547750115293363,195,0.006860732464193153,83.97345193003433,0.20908122371544763,0.5506773053723872,0.024175259310148006,195,0.010781910757763084,67.28215154761637,0.014912668683869678,0.017047930082293127,0.031928638167395225,195,0.00888367977341998,69.57422388359986,0.01217524770465731,0.02234761194065781,0.03448833538560527,195,0.017659708877786524,118,10753,118,75,1.0,3.0,6,6.228257795547013,34.57833198799996,18.012024980581664,0.4406779661016949,0.1864406779661017,25.423728813559322,8.888656441760283,118,0,0,0
127,202607726,canonical_gridsearch_refit_2026_09_10,89.07318018089748,0.32902033181600704,0.5880712896390792,0.02537475741376869,195,0.008007613062477945,86.03970371732547,0.21857837447019343,0.5043082989635098,0.023297936842701573,195,0.009681764172418816,65.66424666127509,0.012202945912639263,0.020846163935887167,0.03301606016958326,195,0.009768928751012365,69.35873722721855,0.012092041981061365,0.02186365424476013,0.03392174046944921,195,0.01987956028477935,119,10799,119,71,1.0,3.5,4,4.88355178582551,37.16164024676949,13.141378457453973,0.46218487394957986,0.2857142857142857,17.647058823529417,6.5261858808477875,119,0,0,0
128,202607727,canonical_gridsearch_refit_2026_09_10,86.08729305780193,0.27927350947314616,0.5371059682267495,0.025224045387848858,195,0.007236217587585461,84.1550838015672,0.20091908072328948,0.5228456690528419,0.023801410568638697,195,0.010256772388980658,66.66207134315763,0.013443793073541327,0.019469031852132022,0.032879911973486456,195,0.008127068792636307,69.65528235492471,0.01150601189868228,0.023315749926028338,0.034786939835982335,195,0.018887305370001866,118,10782,118,67,1.0,4.0,6,3.096656642195124,37.409551633583106,8.27771653754655,0.3559322033898305,0.22033898305084745,13.559322033898304,3.9865550141135984,118,0,0,0
129,202607728,canonical_gridsearch_refit_2026_09_10,88.02532882038595,0.31605894462128,0.5743719623853244,0.025152452211907105,195,0.007433909187277306,82.19055313647489,0.18131420249227986,0.49651445378637865,0.023501454035781494,195,0.012197207803816407,64.8658768863604,0.01054124847728752,0.02343643401439289,0.03394370439413324,195,0.009189503021229686,69.54833274584878,0.012038573748239214,0.02193870959007906,0.03394330582334302,195,0.019518031007316576,118,10779,118,67,1.0,3.0,6,4.804652845726606,33.99624521716574,14.132892662218444,0.3474576271186441,0.22033898305084745,12.711864406779663,6.814197984866295,118,0,0,0
130,202607729,canonical_gridsearch_refit_2026_09_10,86.96710297553209,0.29091777825064086,0.5299233124864957,0.02485296197861646,195,0.00963391510520474,84.60585787357206,0.2029077168006731,0.49686344117345926,0.023481373160859038,195,0.013783596305685902,67.22231756600065,0.015127554358126448,0.015714680684779707,0.030811392799342998,195,0.01090662395628964,69.32537744534518,0.011557885643374207,0.02277268535556221,0.0342962404001408,195,0.020338366784587666,119,10783,119,76,1.0,3.0,4,5.971967634718273,35.68337306226029,16.735995289174017,0.3865546218487395,0.15966386554621848,22.689075630252102,9.076411594985736,119,0,0,0
131,202607730,canonical_gridsearch_refit_2026_09_10,86.33502296046431,0.2835590529225772,0.5422096214618638,0.02493591082578212,195,0.007618880548086105,82.74787977455391,0.17216274933942655,0.4601725469570905,0.023420769121620298,195,0.010276927894581992,65.99078035446918,0.012624935400040097,0.020567590250408815,0.033159333081712865,195,0.009869739124637476,69.77885659648881,0.011987214455874555,0.02234274121215082,0.03429562571235735,195,0.021225968541710456,118,10788,118,72,1.0,3.450000000000003,5,4.374503290919069,37.65566391874553,11.617119008599868,0.3305084745762712,0.211864406779661,11.864406779661019,5.587196799657189,118,0,0,0
132,202607731,canonical_gridsearch_refit_2026_09_10,83.3585718478705,0.2553165125688749,0.5215798287892865,0.024855422363041644,195,0.008876687832033159,84.90686195547086,0.21374519327033084,0.5218889090607501,0.023510049261334477,195,0.011345585979816017,8649.053342924442,12.430624421702852,0.09805563227042391,0.019105567504281856,195,0.011024793339277947,69.46942461639438,0.012503237219792143,0.021108087377299373,0.03357771305997748,195,0.01934665525662389,118,10824,118,71,1.0,3.0,5,3.8284299207687083,36.92836303702669,10.367180145326465,0.423728813559322,0.2966101694915254,12.711864406779661,4.943496003010203,118,0,0,0
133,202607732,canonical_gridsearch_refit_2026_09_10,88.32609190350884,0.3214196128499761,0.5629855574188625,0.024514678421128117,195,0.008599193165034016,85.86450699811223,0.208958080305901,0.4769671397896465,0.023035473259565453,195,0.011148798859587085,65.33270894141015,0.012363324435174464,0.020186365179253492,0.0325171398324682,195,0.01072996975336459,69.28653960099939,0.012060972985454915,0.021619785272069446,0.033647075395275707,195,0.02032970319682766,118,10829,118,76,1.0,3.0,4,4.9569866883431795,35.448668298141676,13.983562504104109,0.4322033898305085,0.211864406779661,22.033898305084747,7.413164561919899,118,0,0,0
134,202607733,canonical_gridsearch_refit_2026_09_10,87.80235631185342,0.3028755600953519,0.5481164981303284,0.024942968054272395,195,0.007456855126189155,83.6030187786698,0.19663916190399636,0.5106838177273626,0.023514016561838547,195,0.011397391186059919,67.02208748660004,0.014716914911990486,0.016534896891756568,0.031220559773182117,195,0.01093131714752181,69.61151732156286,0.012261016720441826,0.021679878027453723,0.03390695385235998,195,0.01878366637669627,119,10765,119,70,2.0,3.0,5,4.697966274760246,34.20924106144506,13.733032739083498,0.46218487394957986,0.226890756302521,23.529411764705884,6.956469075722598,119,0,0,0
135,202607734,canonical_gridsearch_refit_2026_09_10,85.67563953027057,0.2669092725020664,0.5062412377299466,0.02474472605189506,195,0.007796682305952426,83.2940588026685,0.1858285521930011,0.4790339138158091,0.02333006851862833,195,0.009361653531953989,66.56144032161815,0.014397844510113132,0.01705818658174457,0.03142457506076434,195,0.008009939608581085,69.33480878769298,0.01243201221618292,0.021109864841598644,0.033508335130857346,195,0.01877968786446014,118,10809,118,76,1.0,3.0,5,6.047049331179145,35.66346683811233,16.955865111568095,0.4067796610169492,0.2542372881355932,15.254237288135597,7.837579063545222,118,0,0,0
136,202607735,canonical_gridsearch_refit_2026_09_10,81.97024988239951,0.20291467961608187,0.4276317447287235,0.024957529795022814,195,0.007053968246227294,87.39340003608922,0.21971836897397304,0.4954873173145825,0.02371130263197696,195,0.010746039767516962,66.61516705728272,0.01443418997857319,0.016754425159385623,0.03115742650763499,195,0.008417181836454684,69.5418420762954,0.012313694736915789,0.021319196992185045,0.03359925883734718,195,0.016716118799768833,119,10670,119,74,1.0,3.0,4,2.878952565505537,41.335838548427176,6.9647856838145135,0.35294117647058826,0.2689075630252101,8.403361344537819,3.2943512163964144,119,0,0,0
137,202607736,canonical_gridsearch_refit_2026_09_10,82.60282095296722,0.25452050806905296,0.5600911830836851,0.02502252802249996,195,0.005888465397341893,84.79735915917556,0.23926789740479662,0.604278682551827,0.02342397380231397,195,0.009045659432079477,66.78912823827602,0.01377107855050011,0.018477421546430763,0.03221625157686375,195,0.008763425746774493,68.92247191811043,0.010895039361034989,0.02379727919556735,0.034657623621138244,195,0.016475838603766297,119,10855,119,73,1.0,3.0,4,5.393581482582593,35.63858125978891,15.13410829478833,0.40336134453781514,0.18487394957983194,21.84873949579832,7.418818502687323,119,0,0,0
138,202607737,canonical_gridsearch_refit_2026_09_10,84.36514600846867,0.25751831990217033,0.5124361100866038,0.024947589086066212,195,0.00593353133291379,86.82470481290017,0.23500566443550452,0.5479655441255081,0.02371829566350906,195,0.011197372766788914,65.90241747478547,0.013219521530047188,0.019325986418307583,0.0325129622376667,195,0.009148955721561589,68.98906011627625,0.011353032829429153,0.023321472866735287,0.03463982747578928,195,0.018002822846926458,119,10762,119,75,1.0,3.0,4,6.890744135447583,37.61431659531529,18.31947183723603,0.453781512605042,0.23529411764705882,21.84873949579832,8.440395537102486,119,0,0,0
139,202607738,canonical_gridsearch_refit_2026_09_10,89.38342866404722,0.3173470246876893,0.5343946275921638,0.02432945493048166,195,0.007999948057073115,82.31083986471387,0.17246128843912872,0.4616833636725713,0.023222579266782208,195,0.011248448267580638,66.00276832340899,0.012918452617545217,0.019359352767672987,0.032245527578769584,195,0.01116017535883744,69.84265038152621,0.013139225603037631,0.019487036025273533,0.03259363536087499,195,0.021869930593066737,119,10801,119,69,2.0,3.0,4,5.826168693960964,33.09145561951442,17.606262960899198,0.453781512605042,0.2184873949579832,23.52941176470588,9.269186844318195,119,0,0,0
140,202607739,canonical_gridsearch_refit_2026_09_10,90.9193454866536,0.3594663446152672,0.5945913355103648,0.024771411389966115,195,0.007981651394706314,86.01833158448119,0.2298684834658259,0.5406614632440637,0.02335701785159497,195,0.012534977353239956,66.28451393932752,0.013991904678188808,0.01730916656639091,0.031269769721794606,195,0.010150466655628139,69.76990704991016,0.012819792149699541,0.0204208955757458,0.03320744703448939,195,0.019780490649779426,119,10820,119,76,1.0,3.0,5,4.958015997788779,38.566829848980554,12.855648279112668,0.35294117647058826,0.20168067226890757,15.126050420168069,6.183874700885266,119,0,0,0
141,202607740,canonical_gridsearch_refit_2026_09_10,88.89888624205251,0.36408527326281614,0.6458848736114028,0.024819924807004085,195,0.008050135431076397,88.88640539153737,0.2719097389537792,0.5652830187602157,0.023228290026598406,195,0.01119090442809726,65.79462984055965,0.01262659429992135,0.02034148706921972,0.03293511309766547,195,0.01228036270867061,69.26174820924173,0.012164997126656666,0.021606255425032465,0.03373748091734425,195,0.020177692009650607,120,10755,120,74,1.0,3.0,4,6.006649669216108,36.102488809419334,16.6377717085503,0.43333333333333335,0.2,23.333333333333332,8.530784050629375,120,0,0,0
142,202607741,canonical_gridsearch_refit_2026_09_10,85.77563796323147,0.27265936734627977,0.5311210598537652,0.02511809038134516,195,0.00845192825563012,83.76478103611743,0.18792037057840755,0.4834324863240285,0.023563480081450955,195,0.009459736512920827,65.49610800664748,0.011905595083684207,0.02140244046556871,0.03327472747247328,195,0.008107528947746991,69.4433168490529,0.012043565927034006,0.02178581371660149,0.03379555025267408,195,0.016745005745548804,118,10782,118,67,2.0,3.6999999999999957,4,5.000258267619287,38.75995784466996,12.900577156605172,0.3559322033898305,0.17796610169491525,17.796610169491526,6.179490075840299,118,0,0,0
143,202607742,canonical_gridsearch_refit_2026_09_10,85.9536382383942,0.2988631256681089,0.5698845204907153,0.02496410775357245,195,0.009111481515585745,83.99806736219186,0.20953357892085142,0.5289415269568024,0.023381016723024704,195,0.0098612891260941,66.21857903600096,0.013882478966983471,0.017948345703431904,0.03179899384574359,195,0.007681790620873986,69.4918064550791,0.012686562026961678,0.020817218500462153,0.033470276746896406,195,0.01719750079707001,119,10777,119,80,1.0,4.0,5,4.48061586068865,37.98158846306073,11.79681009141128,0.3949579831932773,0.23529411764705882,15.966386554621847,5.75037371503236,119,0,0,0
144,202607743,canonical_gridsearch_refit_2026_09_10,88.83952438091166,0.3254125062855675,0.5778376751637068,0.025019545134403545,195,0.008750795858523758,86.31351457208342,0.20898765308908837,0.4798286596254671,0.023359275971479722,195,0.012036344106919838,66.07218083378571,0.012333060545899735,0.02074127617902971,0.03304126238656627,195,0.011627903097950204,68.80799883585215,0.010362258741367696,0.02462322283186077,0.034950496088640724,195,0.019488714307875583,118,10800,118,73,1.0,3.0,4,4.201566410731616,34.69758707034815,12.109102578842405,0.4067796610169492,0.2457627118644068,16.10169491525424,5.711875619843719,118,0,0,0
145,202607744,canonical_gridsearch_refit_2026_09_10,81.98453442826569,0.23803681079121708,0.5164040920450523,0.024971135003973573,195,0.006893028274061076,84.86131537752541,0.22049153474930241,0.5451694946381778,0.02361373708858386,195,0.01157785146466221,66.58512050030154,0.014698712962597294,0.016567504061101253,0.031234950806485962,195,0.010205049675061686,69.46977673014071,0.012449481358367574,0.021270814062026307,0.03368657509181465,195,0.017355670085663345,118,10823,118,77,1.0,3.200000000000003,6,3.735316170672632,36.41472468530576,10.257708119319997,0.4745762711864407,0.2542372881355932,22.033898305084747,4.777280253946948,118,0,0,0
146,202607745,canonical_gridsearch_refit_2026_09_10,86.17580754792921,0.28778018338181466,0.5342134186319025,0.0247056736131283,195,0.0068191374411402834,87.4497932059854,0.2526805388051913,0.5632084702750395,0.023558105197531338,195,0.009067215102369646,66.07599433152454,0.013262448732954504,0.019432945797072516,0.03266269904436334,195,0.009936978316067912,69.39415637712887,0.012399817964017597,0.021219709861440346,0.033585908297576336,195,0.019380624134664383,119,10865,119,72,1.0,4.0,5,6.001538270409683,34.42612206306242,17.433094146985106,0.48739495798319327,0.2184873949579832,26.89075630252101,9.087309938320082,119,0,0,0
147,202607746,canonical_gridsearch_refit_2026_09_10,79.54284034362045,0.19435856878931848,0.4688343584768575,0.025283666736383055,195,0.0081371146342902,84.79722550196259,0.20898268152347205,0.53894079934804,0.023948969414909965,195,0.01036842450467439,65.99748586468704,0.012515801859556907,0.020552818651192475,0.03303555177298773,195,0.008101137273184941,69.26453051452856,0.01170263675427188,0.02260196819606558,0.034270300204996544,195,0.018070358769476887,118,10785,118,81,1.0,3.0,4,4.745870364110014,37.75926161669498,12.568758394395251,0.4491525423728814,0.2711864406779661,17.79661016949153,5.964013255242087,118,0,0,0
148,202607747,canonical_gridsearch_refit_2026_09_10,86.18957004928734,0.30304728080389626,0.5911337895583594,0.0249315531467775,195,0.007805577686158087,85.83817066078527,0.2245895227444837,0.5529556906198442,0.023624352009366262,195,0.010647655125617802,65.56536728292167,0.011732912366283084,0.022000327105845114,0.033699504693850406,195,0.008062644726302564,69.33507619335784,0.012024089904876488,0.022005759575870008,0.03399581957892693,195,0.018246045636882337,119,10831,119,76,1.0,3.0,5,5.2813479388694065,34.75341771712666,15.196628952745364,0.36134453781512604,0.25210084033613445,10.92436974789916,7.796648918708389,119,0,0,0
149,202607748,canonical_gridsearch_refit_2026_09_10,85.95120878900019,0.28341467459470027,0.5429897181253327,0.02493211362376988,195,0.007277264387598534,84.29461146038707,0.19376226080251596,0.47381230159039484,0.02344460737744701,195,0.010080805767719941,65.90387452938155,0.013597107393588074,0.018052544301346413,0.0316180020372178,195,0.01075829623267881,69.11802078828481,0.011819698600802685,0.02228108475373545,0.034066681728538536,195,0.02026245057671464,119,10813,119,76,1.0,3.0,5,2.963741569871148,37.681470527983805,7.865249228185379,0.3949579831932773,0.3025210084033613,9.243697478991598,3.8928676216802565,119,0,0,0
150,202607749,canonical_gridsearch_refit_2026_09_10,87.17072312788127,0.27110448532390513,0.4736284930887994,0.024776320403578897,195,0.009312138277835703,81.87149321362932,0.15300908574811473,0.4018200184005715,0.023469839903867536,195,0.012029759633247787,65.25815293906138,0.011363696207662706,0.02229906464537134,0.03362909632483054,195,0.009966270825782012,69.4364134848516,0.012115338991771687,0.02167622390619373,0.033757770159546674,195,0.019123034185849482,118,10770,118,72,1.0,3.450000000000003,5,4.819277266775218,37.67483375364396,12.791767837088575,0.4491525423728814,0.2627118644067797,18.64406779661017,6.573377398225221,118,0,0,0
151,202607750,canonical_gridsearch_refit_2026_09_10,86.14748069080957,0.2904086925749583,0.5556096324458142,0.02496564092339238,195,0.0086368292192637,83.94933025362387,0.2071791151354975,0.547190621063345,0.02369315370635519,195,0.010342837437844385,67.29653300250288,0.014269011201399345,0.01754409616312795,0.03178129417670405,195,0.00955757587541782,69.02519978660587,0.010464304914226407,0.0246010928546684,0.03503032442547442,195,0.018385849920231668,118,10728,118,79,1.0,3.0,5,4.640888510576456,34.41284513062444,13.485919263462668,0.3474576271186441,0.2033898305084746,14.40677966101695,6.537462743129646,118,0,0,0
152,202607751,canonical_gridsearch_refit_2026_09_10,83.16186893767585,0.24454064510922277,0.5098398328009631,0.024939275677688,195,0.007842702091025723,86.66127549024652,0.2569462649575516,0.6051302081585236,0.02371618428617279,195,0.009185701951495488,66.49817284561345,0.014408011901723151,0.0168513994224961,0.031228151912697087,195,0.00854161503107213,69.29303859223228,0.011910758689485799,0.021929639099287697,0.03380655730163718,195,0.016435040263923374,119,10828,119,77,1.0,3.0,4,4.752621431716725,33.9369478427332,14.004268898136601,0.40336134453781514,0.15966386554621848,24.369747899159666,7.006793013679786,119,0,0,0
153,202607752,canonical_gridsearch_refit_2026_09_10,86.78994383904693,0.30512550215980055,0.5695256963203691,0.024986959326217466,195,0.00895258756757256,86.3938612362064,0.24814665291945548,0.5717533421561725,0.02325017942727146,195,0.010118553229662432,65.63698394414598,0.013086740249043567,0.019221931230827133,0.032276362808390566,195,0.009998938402997707,69.2503180583205,0.012373109184845708,0.02130218246656341,0.033641615757250234,195,0.01693275361750627,118,10831,118,73,1.0,3.0,4,6.8504037221308325,34.071651507349046,20.10587517500654,0.3898305084745763,0.16101694915254236,22.88135593220339,12.138784242419177,118,0,0,0
154,202607753,canonical_gridsearch_refit_2026_09_10,87.72431247535606,0.32144916889965763,0.5892740729327649,0.024764368618463095,195,0.008966032448292005,82.6395200731645,0.18903460448971135,0.5116192874299537,0.02344398550651609,195,0.012510364071651795,66.16145812287495,0.012448790169719481,0.02074552441628705,0.03316112026958151,195,0.010198385512797378,69.82720540122307,0.012174017713346271,0.021642745037508238,0.033782945516183195,195,0.021126949488789376,118,10832,118,72,1.5,3.0,4,5.833164989105015,34.16841863112006,17.071802625926207,0.4322033898305085,0.2288135593220339,20.33898305084746,9.503531685243573,118,0,0,0
155,202607754,canonical_gridsearch_refit_2026_09_10,86.61635651475567,0.31272618137017894,0.5812469734646971,0.024804000677103887,195,0.010013239708246356,88.48407052516316,0.2512149112038901,0.5349673334829796,0.023503237682999677,195,0.012746263153127055,67.16941673386584,0.01515867267241005,0.015476972385817937,0.03060500930677778,195,0.010435423933787574,69.42759554638339,0.012036784514563508,0.021803610461324313,0.03380655431458471,195,0.0189802640016918,118,10814,118,73,1.0,3.0,4,3.086682975166106,38.87412206656424,7.940199832373763,0.3813559322033898,0.2711864406779661,11.016949152542372,3.950177259638984,118,0,0,0
156,202607755,canonical_gridsearch_refit_2026_09_10,84.49420696083736,0.2801749920418363,0.5631710723158796,0.02487457083571907,195,0.007489914920423195,87.59863171978965,0.24912823659571354,0.5493725704208368,0.023343921782096832,195,0.009292149049510902,67.04375721098117,0.01516713864554194,0.015366905352130925,0.03050350991200668,195,0.009877063874348542,69.2082734439779,0.012348611195026862,0.021072779356115068,0.033387968935680426,195,0.01737062265892595,119,10814,119,75,1.0,3.0,4,4.919729811803516,35.71751945407784,13.773996310490803,0.36134453781512604,0.2689075630252101,9.243697478991598,6.420384411101725,119,0,0,0
157,202607756,canonical_gridsearch_refit_2026_09_10,88.23443965591217,0.311870608713669,0.570323789856892,0.0255958276549826,195,0.008356564068540436,86.3943982253038,0.2327860687739361,0.5583994113082791,0.02382186471990788,195,0.010173654608498244,66.34845413241757,0.013438298934229974,0.019167775325186504,0.03257346806523444,195,0.010410849359911673,69.53665072735514,0.012015214160000646,0.022341699761930595,0.0343225568819984,195,0.01894604387080222,119,10770,119,69,1.0,3.5999999999999943,4,5.887751104175181,38.24745938179082,15.393835824238492,0.44537815126050423,0.21008403361344538,23.529411764705884,7.2788618433842345,119,0,0,0
158,202607757,canonical_gridsearch_refit_2026_09_10,88.06723045911406,0.344628501958009,0.6195035088221036,0.024733182267148286,195,0.007780126377431688,84.81375764484424,0.21908789275701898,0.5450311003712401,0.023304233075383155,195,0.011811068388038588,66.05760297770571,0.01357627003188838,0.017813484565812887,0.03135836484310326,195,0.00828364356546607,69.2893068954699,0.01246682450444005,0.020767614031545076,0.03320120408673735,195,0.017881367894734542,119,10851,119,75,1.0,4.0,5,6.4611766829320265,34.1680979966605,18.909968835735384,0.46218487394957986,0.2857142857142857,17.647058823529417,9.653624979809717,119,0,0,0
159,202607758,canonical_gridsearch_refit_2026_09_10,86.04113963314636,0.2697848912741596,0.5053632441727189,0.02485940317307634,195,0.00788176270226026,85.56525945472137,0.21981718122955357,0.5182748390048099,0.02347308881401356,195,0.009657967114375977,66.54869242428941,0.013815108371204188,0.01865339905639581,0.03243603892017238,195,0.00801083144096613,69.66150782287704,0.01256751100911754,0.021256996654877493,0.033790683022402006,195,0.01677480230072471,118,10856,118,74,1.0,3.0,6,5.126094677214338,36.05151295821582,14.218805971210003,0.4067796610169492,0.211864406779661,19.491525423728817,7.060712317551479,118,0,0,0
160,202607759,canonical_gridsearch_refit_2026_09_10,84.7730200475695,0.2744011470483009,0.522335819356995,0.024306893731173267,195,0.007455094518342478,84.3653485771771,0.2112014079943976,0.5089815441744291,0.02311535151735248,195,0.010125596983520526,65.95106427217586,0.013247069690134776,0.018856087203807045,0.03207105368532395,195,0.01052886740668585,69.31000896200234,0.012364417411675923,0.020946187521352275,0.03327729432809493,195,0.018946707581602645,119,10812,119,79,1.0,3.0,3,5.061665932704786,35.23691266211341,14.364669178713461,0.37815126050420167,0.2773109243697479,10.084033613445376,6.662227362759648,119,0,0,0
161,202607760,canonical_gridsearch_refit_2026_09_10,82.45002189245025,0.2401539487520818,0.5054997857210107,0.024713768365798746,195,0.007861400236579889,85.65504464774706,0.23467213081622829,0.5631421629876509,0.023467977977545313,195,0.009857811408476238,65.41233762882744,0.012500091527794764,0.020047048854288037,0.032514593232022854,195,0.008640431937927141,69.23315519597689,0.011668242758070753,0.022581730892307757,0.03421572156923135,195,0.017895445017836124,119,10851,119,75,1.0,3.0,5,5.085235016941546,36.68837360129431,13.860617186808593,0.4117647058823529,0.2184873949579832,19.327731092436974,6.446280952688621,119,0,0,0
162,202607761,canonical_gridsearch_refit_2026_09_10,89.47767525980939,0.3469137633499574,0.596716119713053,0.02492575312118005,195,0.00802885916034892,85.47483569255623,0.20672935134815318,0.48936985914984893,0.023346557270661476,195,0.013774248574319286,65.80935972873426,0.012712574401200789,0.019381978978976755,0.03206245882679736,195,0.011226164502475317,69.63713639616364,0.012467384417876506,0.020770629110412494,0.03320477551256648,195,0.01969502596659812,119,10772,119,81,1.0,3.0,4,5.088453712837003,36.133179187487215,14.082496550979151,0.3949579831932773,0.226890756302521,16.806722689075627,6.473330288308297,119,0,0,0
163,202607762,canonical_gridsearch_refit_2026_09_10,84.84276838907151,0.2633677353930051,0.5185798180099049,0.02499389903989461,195,0.007563745451805301,86.42320719285632,0.22056873742040148,0.5079051524524533,0.023753451781133167,195,0.010915210044060705,66.311844152128,0.013722768194650162,0.01855935423812717,0.03224984030812977,195,0.009623578988907235,69.10509876829425,0.011393399172733607,0.02339739607855023,0.0347560044527333,195,0.018008061856596633,118,10785,118,75,1.0,3.0,5,5.13036950643058,37.410623136188676,13.713670279573035,0.423728813559322,0.22033898305084745,20.338983050847457,6.689622274923449,118,0,0,0
164,202607763,canonical_gridsearch_refit_2026_09_10,84.73497686278634,0.2699644164214055,0.5411858894372764,0.024916555146689643,195,0.00900998834226995,83.81586889179997,0.19340910262487132,0.4927688186964938,0.023366061885887406,195,0.012583762077246789,65.70018396253047,0.01222738163399973,0.02095579385826747,0.033149991811055754,195,0.010594073645370898,69.06060779076545,0.01107593204134643,0.023619954824264978,0.0346611909352808,195,0.020445822328184874,119,10794,119,71,1.0,3.0,5,5.889098041687568,34.29538777016373,17.17169107739601,0.3865546218487395,0.2605042016806723,12.605042016806722,8.643205077352274,119,0,0,0
165,202607764,canonical_gridsearch_refit_2026_09_10,85.38237593623893,0.28177880106385556,0.5480427444813988,0.025041882072113386,195,0.007577839927337926,85.67683061392493,0.2269895034901585,0.5349891320524246,0.023367649661112752,195,0.009829871861240689,65.73988082832123,0.012554842791716942,0.02000681923966848,0.03252910036935404,195,0.009795291537591403,69.53448020407639,0.012530040574746633,0.020621673060166112,0.03311856116755203,195,0.019488481867562156,119,10858,119,71,1.0,3.0,6,5.72213817485357,35.97181825185891,15.90728090192624,0.3949579831932773,0.21008403361344538,18.48739495798319,7.225341607519564,119,0,0,0
166,202607765,canonical_gridsearch_refit_2026_09_10,85.47622093408815,0.28086935185509054,0.545430247316228,0.024842523567881684,195,0.007249447351195766,84.62927140906848,0.21241723284038913,0.5264520291127649,0.023279495861945925,195,0.01213515770533417,66.06557209534128,0.012808644811302025,0.02002950889681769,0.03280531554790949,195,0.00978117159735389,68.99744453839283,0.011098516487297547,0.023386188767753724,0.03445021211209682,195,0.018300031251208274,119,10853,119,66,2.0,4.0,4,4.810333439672596,34.8450061255117,13.804943590326191,0.42016806722689076,0.226890756302521,19.327731092436977,7.38069293719656,119,0,0,0
167,202607766,canonical_gridsearch_refit_2026_09_10,85.362200155697,0.28695434191065083,0.5847511147719928,0.02561563129637094,195,0.0071416179848685715,80.91039160210701,0.17849644986565763,0.5387130001868966,0.023869216912953416,195,0.008964401777677895,65.01301316064506,0.011354895874640464,0.022496129745990814,0.03381717459384665,195,0.00924112044842029,69.5878577233869,0.012067111152914901,0.02218916044614421,0.03422201532746005,195,0.018985905321978667,118,10806,118,72,1.0,3.0,5,5.491904751972993,35.28182715718102,15.565817290319128,0.3135593220338983,0.16101694915254236,15.254237288135593,6.822606503670713,118,0,0,0
168,202607767,canonical_gridsearch_refit_2026_09_10,83.88855479020658,0.23318550198527546,0.4569565067907483,0.024542185887510073,195,0.008292818087756603,85.5733344382612,0.19868616892187965,0.46170671459572105,0.023366467679789674,195,0.011703974049904982,65.5484838954532,0.01244080648869226,0.020338467890601265,0.032746494660245665,195,0.008669516334753552,69.47206020227108,0.0123952919048364,0.02106860732634946,0.03343043480391,195,0.01779673915867115,118,10791,118,76,1.0,3.0,3,4.459151177309775,36.874497451638895,12.092778167778357,0.4067796610169492,0.2966101694915254,11.016949152542377,5.863330169834814,118,0,0,0
169,202607768,canonical_gridsearch_refit_2026_09_10,89.40933126748618,0.3093742175512592,0.5317442555710342,0.025139969133663207,195,0.009951938540764229,83.25040240290188,0.17761435009559784,0.4708284448919858,0.024059149764932997,195,0.013602395203120739,66.40156464336687,0.013034409832939523,0.02047368828670487,0.033474589982801076,195,0.011376812814645957,69.64132035705947,0.011976321586985908,0.022635024354006317,0.03457673454189582,195,0.02078336325175365,119,10774,119,78,1.0,3.0,4,4.774671385068415,36.60460250485688,13.04390994120176,0.42016806722689076,0.2184873949579832,20.168067226890756,6.993859785634456,119,0,0,0
170,202607769,canonical_gridsearch_refit_2026_09_10,84.70342912018688,0.3033646033210232,0.6213292266743071,0.025016262217226037,195,0.009456124594095533,87.7076402324633,0.29964081424943484,0.7000846689577829,0.02369493319713969,195,0.010433446808648614,67.03509178934868,0.014966283869138747,0.016379090688872913,0.031314029180019055,195,0.01043236591191701,68.67832426840707,0.011095885700235371,0.02336014169301583,0.03442157052432967,195,0.017436198751734234,119,10801,119,79,1.0,3.0,5,3.590203859824505,36.680181551957205,9.787857387616821,0.4369747899159664,0.2605042016806723,17.64705882352941,4.591823470741232,119,0,0,0
171,202607770,canonical_gridsearch_refit_2026_09_10,85.52498470032518,0.2809469341641458,0.5542667242867949,0.02523066043591477,195,0.00827804795471158,85.93843200241965,0.22144729611538563,0.5270122235277295,0.02378182281474713,195,0.010381043028908703,66.41907187714231,0.013571875621908319,0.018899533168398132,0.032438937043165736,195,0.008660005003585592,69.26803515677987,0.012099751063745159,0.021980232205230824,0.03404590328570662,195,0.018162234692448403,118,10841,118,74,1.0,3.0,4,4.893625073728401,38.240051070402465,12.797119608231991,0.3983050847457627,0.2033898305084746,19.491525423728813,6.17246373270244,118,0,0,0
172,202607771,canonical_gridsearch_refit_2026_09_10,83.52852194789203,0.2603488738605961,0.5362660833105802,0.024698332559768634,195,0.008591202764138418,87.67548638374588,0.26517957677217324,0.5853066485737825,0.023190843919090667,195,0.011206639997470897,65.02583220836641,0.011988740269515357,0.020669434093748263,0.03262551618889699,195,0.00866923150428299,69.14352024520407,0.012573573101943777,0.020454967763425244,0.032995512324503505,195,0.017919564410650523,119,10869,119,71,1.0,3.5,5,4.2570928038604805,33.783327127922135,12.601165029544902,0.37815126050420167,0.21008403361344538,16.806722689075627,7.286737031847757,119,0,0,0
173,202607772,canonical_gridsearch_refit_2026_09_10,82.05305242154117,0.2158188038286437,0.46360636792279153,0.025029914306958598,195,0.006516309567305826,82.79550906453751,0.18797874328846706,0.5121361582640569,0.02377549575208219,195,0.009156939575237808,66.84075245587532,0.014464399811025175,0.017311391436519538,0.03174401545624191,195,0.010045070900783819,69.84523376280646,0.013020224912014274,0.020467833656748934,0.033454570502188787,195,0.019617326192224477,118,10775,118,71,1.0,4.0,5,3.610058399517378,38.36726378432535,9.409215157512065,0.3813559322033898,0.19491525423728814,18.644067796610166,5.124997500419338,118,0,0,0
174,202607773,canonical_gridsearch_refit_2026_09_10,91.5398268165486,0.3647496210865743,0.5970106205921294,0.02512071753625455,195,0.008335375161169854,82.28084693538048,0.17992983317289965,0.4925098785110319,0.023607838653254484,195,0.013199069152749661,67.34820600104527,0.015239943255032503,0.015516216674967684,0.03072540326873041,195,0.011753283569198544,69.44183427992141,0.011994401548655081,0.022026929662278753,0.03398730968197869,195,0.019816829388416165,119,10793,119,74,1.0,3.0,4,4.315675658141416,37.119137450751026,11.626551570244253,0.35294117647058826,0.226890756302521,12.605042016806726,5.506142711602575,119,0,0,0
175,202607774,canonical_gridsearch_refit_2026_09_10,86.6725945550796,0.29627067899666637,0.5694846603593507,0.024829380009208063,195,0.007567459172560718,83.86842685159208,0.2045107492477769,0.550312760431427,0.02382806814282503,195,0.013576733481947293,65.13373357809348,0.010266284192272622,0.024561241394962626,0.03479269760429573,195,0.009818464799070026,69.0896060202721,0.010374221856250698,0.02472617663780135,0.035065298095557654,195,0.01967417002260317,118,10789,118,72,1.0,3.0,4,6.225608604207069,40.14056733838619,15.50951821812831,0.4152542372881356,0.17796610169491525,23.728813559322035,6.233302447386437,118,0,0,0
176,202607775,canonical_gridsearch_refit_2026_09_10,85.17099267328783,0.26598422694846574,0.5194076000601354,0.025081417966676386,195,0.007016373970420671,85.94706285666247,0.2141207965598839,0.511795690814613,0.023777304665641097,195,0.011255684060251287,65.56735042985495,0.011459235866730914,0.02267544855660072,0.03410054973801593,195,0.008551523917237402,69.27896689481027,0.01142052979787556,0.02330438252794883,0.03469018409169078,195,0.017767069229498243,119,10765,119,75,1.0,3.0,5,5.156031839020001,35.70637923290904,14.440085916826611,0.40336134453781514,0.2184873949579832,18.487394957983195,7.160763221796685,119,0,0,0
177,202607776,canonical_gridsearch_refit_2026_09_10,86.97009637218565,0.2801925606377596,0.5000446738255132,0.024457553003521964,195,0.007068819711530954,83.70436925708002,0.18555781775488805,0.45255091509775647,0.023106041435828978,195,0.00973242991548133,66.85336776346696,0.014890882094912822,0.016349593678662205,0.031209235297801452,195,0.00915848937146054,69.35921992962852,0.012081751219873822,0.02193196826983075,0.03397970518556632,195,0.020241462144722607,119,10806,119,70,2.0,3.0,5,6.9118122069692935,36.68831415154133,18.839274485112636,0.4789915966386555,0.21008403361344538,26.890756302521012,8.864507665111791,119,0,0,0
178,202607777,canonical_gridsearch_refit_2026_09_10,85.62656566293661,0.2877083905481301,0.5618660966273076,0.02518078605184537,195,0.007769956718486138,86.54117325895923,0.2402903982469307,0.5595949935551399,0.023478792374078537,195,0.00968378937198777,66.67702799863791,0.014233966714598614,0.017483987778024627,0.031686236342565066,195,0.010777446085488276,69.68206265828894,0.012642836891062383,0.020999153648898018,0.03360834800564517,195,0.018170721252849537,118,10752,118,76,1.0,3.0,6,3.272065999919433,37.555983293654975,8.712502544094601,0.3983050847457627,0.2966101694915254,10.16949152542373,4.446108976864391,118,0,0,0
179,202607778,canonical_gridsearch_refit_2026_09_10,86.34655518583716,0.31908783103791954,0.6267802577684762,0.025107112534047633,195,0.00544569772525672,87.48579760914505,0.27284973653419986,0.6320276761974537,0.02355053142456154,195,0.009686289945169714,65.78028855491695,0.012941999326426815,0.01900362534837672,0.03191367905008705,195,0.007866418875530651,69.76231235711064,0.012778101190213817,0.020472438841902623,0.0332172893759116,195,0.017204334758950363,119,10844,119,75,1.0,3.0,3,5.262303752458244,37.24592513676249,14.128535492502087,0.3445378151260504,0.2184873949579832,12.605042016806722,6.601956859954026,119,0,0,0
180,202607779,canonical_gridsearch_refit_2026_09_10,83.46198113626032,0.2505823578561574,0.5250681300110821,0.025216029428917652,195,0.006468462838298936,83.05384927381388,0.19168821965515975,0.5208569229417528,0.02387131289585307,195,0.010573882270867906,67.428827480563,0.014860333438153326,0.016711556213401584,0.03154031775997712,195,0.008829396148260919,69.70282577228473,0.011700149989013317,0.023004420964640553,0.034669865920323395,195,0.018402800509028223,118,10795,118,73,1.0,3.0,4,5.799383840469871,36.755410549463946,15.7783133252322,0.3983050847457627,0.19491525423728814,20.338983050847457,7.178736314383997,118,0,0,0
181,202607780,canonical_gridsearch_refit_2026_09_10,84.92190119710044,0.2697289468990956,0.5104707350151199,0.02471416171873092,195,0.007570745322625761,85.08634560400404,0.20884447374866194,0.4839939497946189,0.023315373755251053,195,0.009402024307698986,66.4480064032858,0.015013539251660756,0.01539201516852382,0.03037514840878037,195,0.010497789445220894,69.62633472092477,0.013206036127044334,0.01979960527524964,0.032972634592503505,195,0.018749749289438764,119,10829,119,77,1.0,3.0,3,3.0130547327370096,36.98592594749507,8.146489929748734,0.33613445378151263,0.2184873949579832,11.764705882352944,3.9927690320312657,119,0,0,0
182,202607781,canonical_gridsearch_refit_2026_09_10,83.34089503391408,0.2596627435539437,0.5396523953392288,0.02476438067483085,195,0.008504765915204791,83.49701648911442,0.20297290218342873,0.527127163197882,0.023281157283275296,195,0.011836047692380877,65.75285539156407,0.012459684303457926,0.02045160715879705,0.032878379584763695,195,0.010278031830109387,69.47250285109848,0.011645685512335384,0.02270592147638913,0.034317255362840526,195,0.018788628355920392,119,10821,119,71,2.0,3.0,4,3.8818517969740025,35.95061867646009,10.797732945596787,0.3025210084033613,0.13445378151260504,16.806722689075627,5.2475395655510795,119,0,0,0
183,202607782,canonical_gridsearch_refit_2026_09_10,83.70798975331925,0.24379155933280727,0.48206190600002846,0.024697473338137252,195,0.007283167351180918,83.73141251381895,0.18819148781472428,0.4665975325786764,0.02339227038599647,195,0.012891994233560107,67.21216211802734,0.01528530040964502,0.015246194592665904,0.030500963402804712,195,0.011956930265612788,69.56726341466675,0.012547034711829965,0.02098602910298443,0.03349953075099958,195,0.02058635303672828,118,10823,118,77,1.0,3.0,4,6.65764929842417,34.688685285359746,19.19256738517562,0.4661016949152542,0.19491525423728814,27.118644067796605,8.586914793363494,118,0,0,0
184,202607783,canonical_gridsearch_refit_2026_09_10,87.22045138280811,0.2945845529989526,0.527960811093022,0.02464529133897418,195,0.01022846496735716,85.8508946904466,0.21442353397695885,0.4988016004518823,0.023280088480253022,195,0.013127472353450806,67.56456424113016,0.015148941767019645,0.015806234220616906,0.030924220505013242,195,0.01262662361850236,69.33805429656049,0.011730761643368209,0.02237864792424518,0.034075297356155436,195,0.02199848006687928,119,10843,119,73,1.0,3.0,4,4.47546716498503,39.263549373669406,11.39852926283412,0.35294117647058826,0.16806722689075632,18.487394957983195,5.634469212676738,119,0,0,0
185,202607784,canonical_gridsearch_refit_2026_09_10,86.99973523853171,0.30941933202712635,0.5800844543371042,0.024722086190573735,195,0.007936790896324784,82.90596748780413,0.1949727195884165,0.5324322772614763,0.023387244960369702,195,0.012697067378696143,66.51580605047391,0.013506637543887768,0.018679053132744313,0.032153504985894976,195,0.009730409568219456,69.21707168328386,0.011536801875269254,0.022853094911093715,0.03435550579134026,195,0.01959631567274309,118,10794,118,76,1.0,3.0,5,4.198387468708913,35.246913971346736,11.911361863117738,0.4322033898305085,0.2288135593220339,20.33898305084746,6.090717437863729,118,0,0,0
186,202607785,canonical_gridsearch_refit_2026_09_10,86.3490698312312,0.2868621976087682,0.5342850867103474,0.02499412056934444,195,0.007691800266578279,85.98738866237237,0.21169819935014356,0.4930368784844863,0.023620975204366273,195,0.013535426473854912,66.45167248331536,0.014071029493156242,0.01787498098553506,0.031914064468212607,195,0.01015707561402337,68.94101729192646,0.011085411549457969,0.023749046516632698,0.03479962355860812,195,0.01835978590332009,118,10805,118,76,1.0,3.0,5,3.5130860385703384,36.55269318973273,9.61101831904722,0.3389830508474576,0.19491525423728814,14.406779661016946,5.470091179263921,118,0,0,0
187,202607786,canonical_gridsearch_refit_2026_09_10,83.85241565265358,0.2604940809975864,0.5462424237725968,0.025296694142722884,195,0.008322834450769178,84.49248688008433,0.21000078232365194,0.5400559510001595,0.023828411764565755,195,0.013040411552915186,66.45894148279811,0.01329110273274118,0.019318620069510708,0.03257711288239673,195,0.009972633401159585,69.37703044012657,0.011257141358493912,0.023370735986644946,0.03459324946735185,195,0.019370441197682595,118,10840,118,77,1.0,3.0,4,4.176200123061024,36.80247461018794,11.347606831593158,0.3728813559322034,0.2033898305084746,16.94915254237288,5.41186907591187,118,0,0,0
188,202607787,canonical_gridsearch_refit_2026_09_10,88.05701065461692,0.2979262169219968,0.5226326108478627,0.02471388554204057,195,0.009604056163233645,83.13780111457676,0.17085373863878653,0.42761895313609855,0.023170513778154475,195,0.011679912277124798,66.85951868670854,0.015055337908888048,0.015564658730317522,0.030589376565325614,195,0.010340895653412212,69.56824729000269,0.01288467852142372,0.02016353346746812,0.03301516342631704,195,0.019156295764619087,119,10816,119,73,1.0,3.3999999999999915,4,2.935155754876962,35.95570117668952,8.163255502801475,0.3697478991596639,0.25210084033613445,11.764705882352944,4.273045734742247,119,0,0,0
189,202607788,canonical_gridsearch_refit_2026_09_10,82.99781144997128,0.25596074823271003,0.5384208832468995,0.024868022664201857,195,0.007982075689351342,84.72680129399342,0.2190579898258765,0.5471006520864534,0.023347290214822056,195,0.010404587879544123,66.63809570415357,0.014007425513794162,0.017521350009048302,0.03149724674712216,195,0.00817198746376378,68.79284343528374,0.010851991658377521,0.023624276494231607,0.03444179184790048,195,0.01742330567892631,119,10847,119,79,1.0,3.0,5,4.381025309987559,35.617029727707774,12.30036682867859,0.3697478991596639,0.2857142857142857,8.403361344537819,5.610485238129463,119,0,0,0
190,202607789,canonical_gridsearch_refit_2026_09_10,82.31769006121756,0.23019839736828346,0.4786201219111619,0.024660141660910656,195,0.008099408784199642,83.40167137184571,0.1974351525479287,0.5088902301050101,0.023485616297268485,195,0.012293160513743063,66.79571839777441,0.015422677029948293,0.01465747660169073,0.030050073247959053,195,0.009810199177315307,69.40157499062796,0.012954898682394654,0.02009574554736212,0.03301759352573731,195,0.018883791272427935,119,10754,119,73,1.0,3.3999999999999915,4,5.810278478006886,35.43223131414932,16.398285579284533,0.42016806722689076,0.21008403361344538,21.008403361344538,8.48625203287525,119,0,0,0
191,202607790,canonical_gridsearch_refit_2026_09_10,86.94644958384418,0.2832688291273428,0.5165040868483346,0.024640800738135574,195,0.00794886610534134,82.69177803202163,0.17211434172506798,0.45041997324810473,0.02319525620497571,195,0.011312929323349267,66.8130101592081,0.014291925124420497,0.017427486139253327,0.03168769176320483,195,0.010093064567883583,69.14833681495196,0.011470709351295757,0.022679165184391493,0.034115724661040334,195,0.019058358955530638,118,10828,118,71,1.0,3.0,4,5.092415114675465,36.72395930786769,13.866737711977784,0.3813559322033898,0.17796610169491525,20.338983050847457,7.164025915366739,118,0,0,0
192,202607791,canonical_gridsearch_refit_2026_09_10,87.33709275765058,0.30676097201980146,0.5755514639252038,0.02525817153958564,195,0.008354560723622612,87.05593082340837,0.2396609378863599,0.5583936814023788,0.023579000804381738,195,0.010334517224415623,66.64104589307516,0.012969292166793402,0.01989880152640335,0.03283522559188037,195,0.010018490059352826,69.54610627720632,0.011921742894298065,0.02216072927770644,0.03404838911804406,195,0.020420729566434273,120,10768,120,77,1.0,3.0,4,4.001725099905728,35.47000822172358,11.281996538852997,0.3416666666666667,0.26666666666666666,7.500000000000001,5.9927455570399335,120,0,0,0
193,202607792,canonical_gridsearch_refit_2026_09_10,87.052762576245,0.2994118393419823,0.551151784102981,0.02485118290702674,195,0.008863841384910101,87.37268302739864,0.2553007066702609,0.5862097232887474,0.023698066302507,195,0.010852769067124946,65.56385791933351,0.011680675025022931,0.02210572472778246,0.033752612936230844,195,0.009686555106718116,69.37385674884241,0.011577403647516247,0.022846555447278902,0.034389535033882174,195,0.018250233090568196,118,10804,118,73,1.0,4.0,5,5.530717581114707,36.52620149156003,15.141781393262775,0.4152542372881356,0.211864406779661,20.33898305084746,7.931429497098398,118,0,0,0
194,202607793,canonical_gridsearch_refit_2026_09_10,80.79426674905406,0.20134134621458002,0.4428000003075747,0.024524675213732243,195,0.007100048555934283,86.3069376914284,0.22991859983889884,0.5448970673725458,0.023256699317841186,195,0.01062205869212493,67.17173875983899,0.015062957811957517,0.015597132945402629,0.03062943065989376,195,0.00948121250134767,69.15302972436639,0.011000948998708644,0.02340444610967506,0.03437098964819793,195,0.016666773845750105,119,10839,119,75,1.0,3.0,4,4.7714287614410935,36.06556709312875,13.229873106168768,0.3949579831932773,0.16806722689075632,22.6890756302521,6.757639855105179,119,0,0,0
195,202607794,canonical_gridsearch_refit_2026_09_10,81.97678430562678,0.23396043555184706,0.49965666954165,0.02452962078960909,195,0.008104980190029022,85.44207145503532,0.22212961997452224,0.5304579204340466,0.02324945155374922,195,0.012136632374489725,66.44595450442199,0.01406003122975399,0.01758159352986103,0.03160998313485357,195,0.010393031515793147,69.80821853960983,0.012832117770126543,0.020369287525530796,0.033168203890361486,195,0.018261240996397664,119,10837,119,70,1.0,4.0,4,4.323037702453962,36.08873564984516,11.978911493045088,0.36134453781512604,0.23529411764705882,12.605042016806722,5.693608697970863,119,0,0,0
196,202607795,canonical_gridsearch_refit_2026_09_10,85.24743505905153,0.27451599509043745,0.5255526509156236,0.02487643889491633,195,0.007751851215913202,82.7099674100457,0.19310454179226358,0.513294152876798,0.023357765883599675,195,0.010277402204880624,65.9587734414466,0.013904946958388007,0.017433417969170834,0.03130702656263115,195,0.010884645273316283,69.62976644243844,0.013091808188868051,0.01989549306114296,0.032954313870568706,195,0.020285150094990302,119,10794,119,79,1.0,3.0,4,6.203513075151978,36.10701898834594,17.180906230875085,0.42857142857142855,0.226890756302521,20.168067226890756,7.938624037818073,119,0,0,0
197,202607796,canonical_gridsearch_refit_2026_09_10,84.28842294940348,0.2597132019198553,0.5104263327960483,0.02456172836351402,195,0.0062491329381969786,86.84728845258658,0.23711919487776184,0.5385805131317256,0.02332686470754445,195,0.010200975395997729,67.22873802924752,0.015413126416593672,0.014974368249018332,0.030357107170817074,195,0.012285185416896886,69.30887798123453,0.011621272649699688,0.0226035292978233,0.03419057714557547,195,0.022014763937888496,119,10840,119,74,1.0,3.3499999999999943,4,3.279318438273663,36.30293956998591,9.033203583835666,0.29411764705882354,0.21008403361344538,8.403361344537815,4.379979833495064,119,0,0,0
198,202607797,canonical_gridsearch_refit_2026_09_10,90.89680783300678,0.3734585238695527,0.6508155242890443,0.025564394791357095,195,0.008572530221130241,86.72842363063631,0.24221043514888413,0.590483391201493,0.02394515180382734,195,0.011670919288738054,66.6648922971013,0.013361587540424956,0.01918858193942595,0.03251761898260632,195,0.009442092070499347,69.65675956586198,0.01173750217367109,0.02275352676644308,0.034456537703056504,195,0.01768548884274259,118,10778,118,74,1.0,3.3499999999999943,5,4.600445930903084,33.414252955564955,13.767914958388754,0.3559322033898305,0.1440677966101695,21.1864406779661,7.742160557676897,118,0,0,0
199,202607798,canonical_gridsearch_refit_2026_09_10,85.91206737056017,0.2852030531270395,0.5372959802983492,0.024993723993532543,195,0.007441218833058599,82.66477984796519,0.18997189973198053,0.5156749164097436,0.023798019800708694,195,0.010133594576378491,66.85015181282265,0.014005829311861468,0.018674880466462183,0.03264802851020102,195,0.010955753861486287,69.13950182291867,0.011210229127041558,0.0237447234300413,0.03491999395156931,195,0.019979282851124207,119,10759,119,75,1.0,4.0,4,5.6410914349277235,35.59227450721388,15.849201864815862,0.31092436974789917,0.2184873949579832,9.243697478991598,7.513205922929497,119,0,0,0
200,202607799,canonical_gridsearch_refit_2026_09_10,81.8054742801035,0.2285953617808618,0.4905388417093342,0.02473470651279771,195,0.007772195666553666,84.6244427437919,0.20293532511003587,0.493946080922373,0.02317545101938281,195,0.009487555731255702,66.70450908720184,0.014306477139432902,0.016877127658708087,0.0311524210238804,195,0.00881121334184186,69.3121408995785,0.01253611964745927,0.020337109997417956,0.03284035641523235,195,0.019104168345997995,119,10852,119,75,1.0,3.0,4,4.764178243141292,37.904602239058185,12.568864891641368,0.36134453781512604,0.17647058823529413,18.48739495798319,5.608934390214394,119,0,0,0
201,202607800,canonical_gridsearch_refit_2026_09_10,88.23728860547565,0.30974301198509163,0.557933547383033,0.02525291474975935,195,0.007368103020296701,86.73886493095839,0.22920335584011148,0.5267677348710552,0.023441487465472744,195,0.010227764485790719,66.6159811247623,0.013565878893927108,0.018990857309660172,0.032524179467383695,195,0.009093975446834691,69.15242169073834,0.011398204943721301,0.02304045905234013,0.034404225262976026,195,0.01772820827069074,119,10814,119,77,1.0,3.0,4,3.63810714578527,37.30421289583333,9.752536947888869,0.3865546218487395,0.2773109243697479,10.92436974789916,4.704869074704845,119,0,0,0
202,202607801,canonical_gridsearch_refit_2026_09_10,83.52340731262007,0.24676386635422826,0.5095225152898837,0.025195423224240725,195,0.008137989673059957,88.29141324542208,0.2828822486080505,0.6400751788454714,0.023911788548562914,195,0.010469369497353583,66.18264973460393,0.012836903968110727,0.02039997388730119,0.03320364092590478,195,0.009678105386467326,69.50469072802726,0.011879805986034048,0.022501609136037447,0.03434703370694943,195,0.01909499006943674,118,10849,118,73,1.0,3.0,6,4.14336790598413,39.15129337193764,10.582965591001292,0.3983050847457627,0.23728813559322035,16.101694915254235,5.365146871331543,118,0,0,0
203,202607802,canonical_gridsearch_refit_2026_09_10,85.92268019773834,0.2733787674293941,0.5033650162247384,0.02447133002573048,195,0.007561194376497851,84.99116473978252,0.2066472923898991,0.4976627823586496,0.023427859818940074,195,0.010527862261471602,66.07451302080585,0.013094180340426774,0.019531665667044718,0.032593220150920345,195,0.009721004689627806,69.37744183403187,0.012297042781225075,0.02178414368232254,0.03404710527708388,195,0.02029650216199684,119,10828,119,71,1.0,3.0,4,5.06309446940505,41.264092844470554,12.269976438082564,0.3445378151260504,0.25210084033613445,9.243697478991598,4.836205170091311,119,0,0,0
204,202607803,canonical_gridsearch_refit_2026_09_10,84.51648283624235,0.28568309279978504,0.5867688692409185,0.025436441837416033,195,0.0071592256595558275,83.58414367264008,0.21373450704061536,0.5573050390719432,0.02377140549933878,195,0.009589034149586013,66.95795792288426,0.015581298745269583,0.014699031976830153,0.030250050391377636,195,0.00888237662561263,69.7234814645071,0.012900651790038633,0.02053170823312037,0.03339892766313585,195,0.016564277585485464,119,10797,119,70,1.0,3.0,5,6.539413852678538,36.00758902291552,18.161209984141962,0.31092436974789917,0.13445378151260504,17.647058823529413,8.256902027255773,119,0,0,0
205,202607804,canonical_gridsearch_refit_2026_09_10,88.29039833445896,0.3216132160629154,0.5827684161619656,0.025062666387354694,195,0.007268368155132744,86.33213536085256,0.2287789752419545,0.539329754549272,0.02344625679084366,195,0.010220413321808048,66.69978007670511,0.014482600510611898,0.016767122858294476,0.03121847319327445,195,0.010187299574802902,68.68654247511421,0.010913869213897332,0.023600361378001682,0.03447971636130706,195,0.01862678874079904,119,10801,119,72,1.0,3.0,4,5.020173535320026,33.77790336796826,14.862300601169581,0.37815126050420167,0.18487394957983194,19.327731092436974,7.389045723341457,119,0,0,0
206,202607805,canonical_gridsearch_refit_2026_09_10,84.73857998174589,0.2737793712159535,0.5486676584113491,0.024984564044224097,195,0.0094225898501426,84.06749390081441,0.2202241370514573,0.5725968546448543,0.023626339144565797,195,0.009004566609033166,64.33802020414366,0.009678524104260237,0.02517011847251929,0.03481378221121119,195,0.009326205911725815,69.16290897815067,0.011619248442625966,0.022814645405791603,0.03439945989735019,195,0.021636718764964532,119,10842,119,74,1.0,3.3499999999999943,4,5.654610812493596,34.3175493134955,16.477315325864193,0.3949579831932773,0.2773109243697479,11.764705882352938,8.21778721299006,119,0,0,0
207,202607806,canonical_gridsearch_refit_2026_09_10,85.63665941039386,0.2803576178584149,0.5353559123303514,0.025003091660324994,195,0.006740846026506813,84.15891861110205,0.19758619925689835,0.49059474997139246,0.023377084148447348,195,0.010877707476842188,66.21771420903116,0.012953694383146204,0.01970354591153948,0.03262458228955563,195,0.008974120992111208,69.18487406434627,0.011667666027542338,0.02250692152204669,0.03414041196208612,195,0.01785130099271704,119,10859,119,73,1.0,3.0,5,4.672230004877052,36.31035924418584,12.867484933036538,0.37815126050420167,0.21008403361344538,16.806722689075627,6.11443262852438,119,0,0,0
208,202607807,canonical_gridsearch_refit_2026_09_10,86.6511643695281,0.278641492021121,0.5054113156731941,0.024681557548327494,195,0.008626753365920217,84.74721693146279,0.20316879541658228,0.48387788913772734,0.023198282623671167,195,0.012369270401201173,66.90400391265293,0.015229461130026253,0.015177829758032793,0.03037688353192969,195,0.010517821969440093,69.68161388619954,0.01262761241845359,0.020937430501497014,0.0335314774115428,195,0.019583533454676595,119,10805,119,72,1.0,3.0,4,5.9738815511198045,34.94478892625977,17.095199984540887,0.46218487394957986,0.23529411764705882,22.689075630252102,8.775827380028211,119,0,0,0
209,202607808,canonical_gridsearch_refit_2026_09_10,81.13603801700778,0.22161722266567363,0.49090154132904235,0.024863009016284205,195,0.00961707868181407,82.27938470396548,0.1854415465113914,0.5042763003508243,0.023438530672362273,195,0.011537577974990689,66.200229080221,0.013480877293078614,0.018633591065525115,0.03208235365782619,195,0.009771307159493547,69.47315546145522,0.012185731125901943,0.02174001188522262,0.03389181710303108,195,0.02174741517222049,118,10816,118,72,1.0,3.0,4,6.282104270021708,34.905315985670676,17.99755737091919,0.3983050847457627,0.15254237288135594,24.576271186440675,9.095139783727017,118,0,0,0
210,202607809,canonical_gridsearch_refit_2026_09_10,83.85733653809788,0.2494650674335198,0.5229410368107636,0.025571277861352326,195,0.009746593596153654,85.17730525109474,0.211169652742756,0.5383696829679225,0.02413315939510618,195,0.012181375541840369,65.00829159171658,0.010897508594836163,0.023311074661060784,0.03417437438809895,195,0.00967154674930177,69.25436392969256,0.011817739314040359,0.02244050982421139,0.034223990886312144,195,0.017079074671892902,118,10791,118,72,1.5,3.0,4,5.416626320821332,36.565211207996775,14.81360599836142,0.4067796610169492,0.2627118644067797,14.40677966101695,6.826787110557266,118,0,0,0
211,202607810,canonical_gridsearch_refit_2026_09_10,82.0807691237763,0.2376115065673294,0.5207553301661653,0.024707697801328008,195,0.007668381400775447,82.98071688268737,0.20007873719818384,0.5364825421882908,0.023337499319024953,195,0.009854234570511374,66.54135177136574,0.013366367880493087,0.01901678677643063,0.03235077150226679,195,0.00989615212694447,69.28175013759964,0.011616680405562206,0.022508528430843947,0.03409108362756975,195,0.019546021405214,119,10797,119,74,1.0,3.3499999999999943,5,5.384513112452463,31.711730332521864,16.979562628691987,0.36134453781512604,0.20168067226890757,15.966386554621847,8.970037412287411,119,0,0,0
212,202607811,canonical_gridsearch_refit_2026_09_10,85.01412662607973,0.25849220494871405,0.492201506171608,0.024430429810793353,195,0.008340074110864628,84.10409395801139,0.18963717255449944,0.46623218056567167,0.023209963790855794,195,0.011364574963092646,66.7061847106056,0.01441185206453556,0.016825644222996795,0.031206258789100754,195,0.010262585595086363,69.50366881339127,0.012281105408626107,0.02127376094729612,0.03352131148956617,195,0.019677342600155676,118,10802,118,69,2.0,3.0,4,6.636464190076916,33.41339764592707,19.861686202647725,0.3813559322033898,0.1271186440677966,25.423728813559322,11.226590737286305,118,0,0,0
213,202607812,canonical_gridsearch_refit_2026_09_10,85.5046766740779,0.2618251408306661,0.4876673642001929,0.024822196836723914,195,0.008570345873316362,84.81232986294216,0.19896449001848446,0.4689821046726496,0.023389825808452083,195,0.011759434471109336,65.66497491107492,0.0127966211008608,0.01963423568316019,0.03239842569131931,195,0.010610999218027392,69.03589659270722,0.01195636793967939,0.02177284767251343,0.03369548571139001,195,0.016730167082095182,119,10819,119,71,1.0,3.0,7,4.40400044597253,37.51411495145111,11.73958242563357,0.3697478991596639,0.23529411764705882,13.445378151260506,5.819711593573167,119,0,0,0
214,202607813,canonical_gridsearch_refit_2026_09_10,88.47233425141003,0.3353584779311913,0.5937285715264145,0.02486459986030085,195,0.007072472044974666,85.15654532837335,0.22101970832131726,0.5346297709489801,0.023300654935605437,195,0.010531087622472084,65.67352587832718,0.012307811596747814,0.02033577128335306,0.03261093927530967,195,0.010535156228928776,69.2932724922947,0.011633372555281424,0.022570004764937597,0.034169173942898756,195,0.02004573993754822,119,10827,119,71,1.0,3.0,5,4.081622532073705,35.34488775516197,11.547985554085122,0.3445378151260504,0.19327731092436976,15.126050420168067,6.142220544964445,119,0,0,0
215,202607814,canonical_gridsearch_refit_2026_09_10,81.941690886626,0.22925154601846348,0.4954797194776502,0.024764440409381316,195,0.009216903697927345,84.57083298333737,0.2109095052209291,0.524074536924397,0.02320294054497432,195,0.010855089044162563,67.24936686312024,0.015019130783592217,0.015713111303599803,0.0307015098448369,195,0.00974757132651423,69.42051676383706,0.012021783808497678,0.02158821670452988,0.033576390512514466,195,0.01830571583521514,119,10849,119,72,2.0,3.0,4,3.601821398523663,35.651155472478024,10.102958377616112,0.37815126050420167,0.18487394957983194,19.327731092436974,5.460353786627721,119,0,0,0
216,202607815,canonical_gridsearch_refit_2026_09_10,89.38693983493275,0.3556900854077468,0.6326458210232104,0.025052062788972918,195,0.008623704851297324,84.56560385992353,0.2189384474868703,0.55079680886744,0.02338883146912511,195,0.012323954446935577,66.62542261251733,0.013809330786706955,0.018189958480527183,0.03196728997749478,195,0.009417193836373522,69.63136528676561,0.012226500766501162,0.021527909651064617,0.03372065468054751,195,0.019430884535092303,119,10854,119,80,1.0,3.0,4,6.004815645723965,34.763697108737404,17.273236580509533,0.3445378151260504,0.20168067226890757,14.285714285714285,9.09519585107606,119,0,0,0
217,202607816,canonical_gridsearch_refit_2026_09_10,81.95577015634544,0.23190013682829066,0.49915259905314185,0.024642201468504574,195,0.01004872262857688,86.25340122592071,0.2373522613431714,0.5623662533804253,0.023501384621870812,195,0.011730038644091079,67.0808818696117,0.014803830441372874,0.01640040567435543,0.03117303176993907,195,0.011924194517852404,69.32625781297644,0.011848929936024629,0.022201482998620885,0.03401636188443271,195,0.021088851925298586,118,10837,118,75,1.0,3.0,4,5.004183968658485,35.68902147999986,14.021633995941391,0.3474576271186441,0.1271186440677966,22.033898305084747,6.539794689476098,118,0,0,0
218,202607817,canonical_gridsearch_refit_2026_09_10,85.99968041327375,0.2844842623576364,0.5290159821102084,0.024637838817127493,195,0.008617607685643956,84.97503630150028,0.20270676147777766,0.4866369705906983,0.02337987284767284,195,0.010714966995912284,67.9960207063217,0.016836960089839533,0.012075799388455667,0.028883846709718997,195,0.010557747522749331,69.65703233614637,0.012921729933904367,0.019983553531291335,0.032872377581599735,195,0.0167026774282937,119,10821,119,70,1.0,4.0,5,5.389866822381089,35.72983415681712,15.085059725508751,0.35294117647058826,0.18487394957983194,16.80672268907563,9.605405779856724,119,0,0,0
219,202607818,canonical_gridsearch_refit_2026_09_10,86.61080792009814,0.2828963280027871,0.5245704451124197,0.02474398493401981,195,0.007368893453804184,84.23714363524662,0.1919597313955273,0.4683274390404585,0.02304911875921017,195,0.010673326087872043,66.16577377787792,0.01247220795614296,0.020725904470518308,0.03316491431423023,195,0.010131973568905255,68.52925944272793,0.009731149790302792,0.02563141647595475,0.03532720363261122,195,0.018881239039086267,119,10829,119,75,1.0,3.299999999999997,5,3.980369287304012,38.203645838699835,10.418820507627954,0.33613445378151263,0.2184873949579832,11.764705882352944,5.077441149301023,119,0,0,0
220,202607819,canonical_gridsearch_refit_2026_09_10,83.16760172788524,0.24425688646594745,0.5093576411359909,0.02485897366641944,195,0.01057213245309758,83.0832618600821,0.18677217187004658,0.4981128706945305,0.023415964889651354,195,0.01319811513728255,65.24850269488218,0.010847229875701348,0.02320985104041553,0.03402302383507452,195,0.010637631264595687,69.30107727581424,0.011276398195065089,0.023195599008780057,0.03443752517731561,195,0.019272007323758424,119,10762,119,72,1.0,4.0,4,5.3670480064412995,38.02644032813367,14.113990055678487,0.3865546218487395,0.226890756302521,15.96638655462185,6.649709245046349,119,0,0,0
221,202607820,canonical_gridsearch_refit_2026_09_10,84.47490449001009,0.2647066972450335,0.5327405808981062,0.025022809957792914,195,0.008874650032732046,87.81286891160407,0.25744901980540774,0.5846801496452088,0.023618386889166225,195,0.009617269043648392,65.23992428144211,0.01115325068439098,0.02287774324372372,0.03399696204970475,195,0.008391134784657856,69.03213098672974,0.011212487739061437,0.023337243123854406,0.03451518113205227,195,0.017089977128929255,119,10742,119,76,1.0,3.0,5,5.597594589873491,36.62552192109632,15.283316922916732,0.37815126050420167,0.226890756302521,15.126050420168067,7.294105719951805,119,0,0,0
222,202607821,canonical_gridsearch_refit_2026_09_10,84.56475809435594,0.26091586502798575,0.49531324422132145,0.024392138940155943,195,0.008595939142932872,85.36354128784106,0.22195543010332133,0.5129236880527168,0.023076380184350723,195,0.013895131280536599,65.90576690043758,0.013127381206644568,0.019080773990025977,0.03217594704147387,195,0.01263200218050478,69.2303533534449,0.0116166095111363,0.022416646061470955,0.033999222317034644,195,0.02112084616313942,119,10860,119,72,1.0,3.0,4,6.9054500759933255,35.15115321510182,19.64501714562972,0.4369747899159664,0.226890756302521,21.008403361344538,9.249148558874062,119,0,0,0
223,202607822,canonical_gridsearch_refit_2026_09_10,83.81676089583294,0.25130868596199446,0.5060576093526218,0.024776954316322153,195,0.009689114525029097,84.701532683077,0.20046323956840678,0.48946947979766625,0.023416171594348015,195,0.011705809451757622,67.34885001127344,0.015607738313754272,0.014848157532427405,0.030425439938989985,195,0.011191248535992725,69.46008764302641,0.01195351707555009,0.02218399725728457,0.03410337681208264,195,0.019892865146939078,119,10793,119,67,1.0,4.0,4,5.624471117983754,35.909792366632956,15.662778165239297,0.3949579831932773,0.25210084033613445,14.285714285714285,7.24561658873888,119,0,0,0
224,202607823,canonical_gridsearch_refit_2026_09_10,81.81414550754847,0.2283265807290748,0.5103003542625711,0.025190286823400423,195,0.009316222405193903,84.86219976284632,0.2089890211903821,0.5343895051289709,0.023883195332229098,195,0.011452673479004286,65.84555668092214,0.011470997357677648,0.022394646463259556,0.03383177799228983,195,0.008623994351233495,69.64651728255456,0.011596647309782345,0.023046535284246893,0.03460853873727542,195,0.01919804336965661,118,10789,118,73,1.0,3.0,6,4.725342458823262,35.30764841535166,13.383339505467314,0.423728813559322,0.22033898305084745,20.338983050847457,6.911443950236357,118,0,0,0
225,202607824,canonical_gridsearch_refit_2026_09_10,84.16076824196239,0.27393708647677034,0.5609854288513086,0.02523689344839625,195,0.007486851091040902,85.84060883034357,0.23152736092907886,0.5599845104296431,0.0237651610268152,195,0.010648809395180795,66.55263361309417,0.014254901158048335,0.017634105653755262,0.03185711729338858,195,0.009495553775767433,69.13528039450352,0.011988305479648844,0.022135642416242447,0.03408982393130199,195,0.018715746951015477,119,10772,119,74,1.0,3.0,4,5.013288510937177,36.28415523705855,13.81674308850077,0.4117647058823529,0.2184873949579832,19.327731092436974,7.452123489199135,119,0,0,0
226,202607825,canonical_gridsearch_refit_2026_09_10,87.6958886906684,0.32350397862039093,0.5910041826697492,0.02508060371804956,195,0.008062690483587749,85.45120988994157,0.2240966782400919,0.5371114362742629,0.023643605798140736,195,0.012208288742821087,66.40550464337795,0.013793523579331314,0.01830345563016069,0.03206488222980844,195,0.00952047590648051,69.44589761443962,0.012215236934971547,0.021825074619100174,0.03400627124249446,195,0.017776673129105764,119,10829,119,74,1.0,3.0,7,5.548056541786733,32.626982576683226,17.0045039523564,0.4957983193277311,0.2184873949579832,27.73109243697479,8.84358816818212,119,0,0,0
227,202607826,canonical_gridsearch_refit_2026_09_10,87.34741897358349,0.29806402966278095,0.5485937519874131,0.025131044883261608,195,0.008734237931219675,85.56128834005895,0.2119965201841406,0.5086199448333995,0.023548809592347723,195,0.01100913627130462,67.36494621970535,0.014916150746819136,0.016767233977047116,0.031651701339142385,195,0.011112457879629778,69.58684674730014,0.012443267554265327,0.021468901850077625,0.03387825723493498,195,0.020712144619931445,119,10766,119,71,1.0,3.5,5,3.511681297447708,37.08366580724535,9.469617474445045,0.42857142857142855,0.3277310924369748,10.084033613445376,4.538844511710479,119,0,0,0
228,202607827,canonical_gridsearch_refit_2026_09_10,82.70188603393716,0.22358039230877572,0.45603272982525705,0.024689500064101533,195,0.007003301020237772,84.9104590932732,0.20665637665715736,0.5092336626677484,0.023727630630321413,195,0.011281799791986529,67.73216502956905,0.015782416196977078,0.014684749545331452,0.030436698415994282,195,0.011306520189794117,69.70064646101248,0.012263783611050221,0.02201703801349835,0.03424654079064738,195,0.0199097365114881,119,10812,119,67,2.0,3.6999999999999957,4,5.042253926797679,38.848501385659304,12.979275253739898,0.3445378151260504,0.25210084033613445,9.243697478991598,6.3485203673379935,119,0,0,0
229,202607828,canonical_gridsearch_refit_2026_09_10,88.69409299224593,0.31613418935449905,0.551554898211461,0.024796371579602676,195,0.006758013420941725,84.70623258171456,0.20388703722160925,0.49800724953012343,0.023415440322154594,195,0.011457138594347108,66.08063608249235,0.012308406603368629,0.021062538975515466,0.03333757463330521,195,0.008914035847887766,69.52133286031642,0.01162517417015127,0.022759958084451443,0.03435074691591556,195,0.018876072846985777,119,10815,119,73,1.0,3.0,5,5.432906683049367,36.9084674707563,14.719946547100674,0.37815126050420167,0.21008403361344538,16.806722689075627,6.870856977794833,119,0,0,0
230,202607829,canonical_gridsearch_refit_2026_09_10,83.5018143424198,0.2695694373398203,0.5568906446533377,0.02470579233630253,195,0.008939754463118208,85.27235075695611,0.24148840850315115,0.5827878432934642,0.02343206998528915,195,0.010611610788866575,65.62826084018363,0.012805359454213997,0.019934133820161397,0.032706752280521445,195,0.009762016534728628,69.1780369324899,0.011837778800539612,0.022281631916840135,0.03408529130665265,195,0.019168813383771615,119,10811,119,73,1.0,3.0,4,6.529470420438869,34.80843270600413,18.75830054052562,0.3445378151260504,0.14285714285714285,20.168067226890756,8.681905176524705,119,0,0,0
231,202607830,canonical_gridsearch_refit_2026_09_10,82.45115013906774,0.2351596463918895,0.4901893072798408,0.02495197680168233,195,0.007383173213514032,81.01560876768986,0.17506242894116805,0.49948710924540346,0.02360210638391346,195,0.008880081905501701,65.71947297709728,0.013343792821771342,0.018896913068666876,0.032208464049874666,195,0.008805334806081005,69.43959947746883,0.01281158303115399,0.020629443493080983,0.03340758389723694,195,0.019170643991518358,118,10790,118,72,1.0,3.0,4,6.3976529909058275,38.645743309036284,16.55461234047452,0.423728813559322,0.1864406779661017,23.72881355932203,7.223724115068331,118,0,0,0
232,202607831,canonical_gridsearch_refit_2026_09_10,86.24547366845408,0.3036435095401658,0.5877735348381843,0.025167803384589564,195,0.005910472419547169,88.91690098249708,0.2614712295287789,0.5699426686360894,0.02367470905234767,195,0.008636690125458552,67.72621446599213,0.014786472704743005,0.017261996447963095,0.03201642065119846,195,0.009676414866133463,68.75562979807681,0.010030052504454894,0.02566364812978255,0.03565800677009874,195,0.017768828585501224,118,10737,118,72,1.0,3.0,5,5.35794867364042,35.05495597864455,15.284425622740699,0.3474576271186441,0.19491525423728814,15.254237288135593,8.146644930944646,118,0,0,0
233,202607832,canonical_gridsearch_refit_2026_09_10,92.41587807728266,0.37850670092995353,0.6209054121410376,0.02490959482672789,195,0.008187679464051087,84.97183967142412,0.213067348713233,0.5462338371808131,0.023707095575307105,195,0.011199621552975046,66.14070791603366,0.012717879420627416,0.01988994275681862,0.032575214343467065,195,0.01062189812507388,69.05907724479565,0.010915627643214729,0.023650984027670026,0.03453204505898204,195,0.01758861408283093,120,10808,120,71,1.0,3.0,4,4.787882523698406,36.15983588875195,13.240885656750859,0.36666666666666664,0.225,14.166666666666664,6.629076167895732,120,0,0,0
234,202607833,canonical_gridsearch_refit_2026_09_10,90.36295355943017,0.3468733045098752,0.588649841502386,0.025127741145049287,195,0.007537320183955997,87.87340195165953,0.2474701930832622,0.5357225049573038,0.02332755784639306,195,0.010500813186939425,66.61317473894432,0.014691101994417217,0.01663922404815182,0.03129899571652589,195,0.011335689701871945,69.63430178664582,0.012550146229851001,0.02121448723847253,0.0337308684803635,195,0.019460158795029662,122,10841,122,74,1.0,3.0,7,3.585571550113022,40.405082788973644,8.874060644398698,0.4672131147540984,0.26229508196721313,20.491803278688526,4.678286318346906,122,0,0,0
235,202607834,canonical_gridsearch_refit_2026_09_10,83.28849198680378,0.23923050052331418,0.48215726981290896,0.024470616391815508,195,0.006774158349296871,84.60987658739208,0.1980189510535931,0.4825720076258031,0.023300809476503512,195,0.01015926579792524,65.83939482885174,0.012580636191565815,0.020201702999854486,0.032749556461336864,195,0.00824337409375699,69.19505440684527,0.01162868332183019,0.022419628908266848,0.03401426391786676,195,0.01908786499833868,118,10795,118,74,1.0,3.0,5,4.62324104412902,34.612826083654085,13.35701694208768,0.3559322033898305,0.211864406779661,14.40677966101695,7.040390771567086,118,0,0,0
236,202607835,canonical_gridsearch_refit_2026_09_10,85.46656927150299,0.2767181698781048,0.5344160970311802,0.024836714957048367,195,0.010375107739392387,84.78468041960201,0.2061775136036487,0.5045922171486132,0.023261058282368477,195,0.011823252160319734,66.28097696061081,0.01273666030807909,0.020490301620962315,0.033193734967112365,195,0.010414244144265518,69.03341828850732,0.011027483406685433,0.02363035866498662,0.03462318422957564,195,0.019879516181687762,119,10834,119,67,2.0,3.0,5,6.122722831839385,37.090485262076236,16.507529595736138,0.40336134453781514,0.21008403361344538,19.327731092436977,7.84722658912985,119,0,0,0
237,202607836,canonical_gridsearch_refit_2026_09_10,83.73143605674728,0.2546675648601484,0.5053912104907315,0.024637386537223343,195,0.008535926054413737,85.57791294626887,0.21222868963836236,0.48987176446383945,0.02322186658993257,195,0.012232776984602903,65.07748892198475,0.01225451297146696,0.020115180443163013,0.032337323721215346,195,0.010863269984428995,69.29670713621839,0.012125633365856987,0.021432162470595106,0.03352423804061564,195,0.02057579715194027,119,10817,119,74,1.0,3.0,5,5.138637575256004,33.79341106168761,15.206033998390293,0.3697478991596639,0.21008403361344538,15.96638655462185,7.651651910505819,119,0,0,0
238,202607837,canonical_gridsearch_refit_2026_09_10,82.63041828213994,0.23367271531656908,0.5045787382051645,0.024905460975011555,195,0.007390389946569329,84.64980307041532,0.18453759712730394,0.4698188680625422,0.02371062002460135,195,0.010167433273886486,64.68608062891322,0.009470086915998556,0.02588568212844141,0.035320314251487656,195,0.011033694981741206,69.16832401322253,0.011200887600138291,0.023386525377002993,0.03455282556329458,195,0.016853027689721228,119,10804,119,77,1.0,3.0,5,4.503998303947817,37.08618826297951,12.144678423163365,0.3865546218487395,0.3025210084033613,8.403361344537819,5.92774443197716,119,0,0,0
239,202607838,canonical_gridsearch_refit_2026_09_10,77.09012596199554,0.1734709237470191,0.46285535373230413,0.024802993288381533,195,0.007568526229890246,88.96913949732804,0.3330957649640601,0.7548375399450515,0.02366637989128843,195,0.01031282357265496,65.39836674661464,0.01154637555122442,0.02210174594474976,0.033614473359228285,195,0.009098844754295602,69.21506020091101,0.011467143476893073,0.022867834708109512,0.034300643206812025,195,0.019547965576008287,118,10815,118,71,1.0,3.0,5,5.192913524426483,33.62114729055869,15.445378706290398,0.4322033898305085,0.2796610169491525,15.254237288135597,7.543311552938459,118,0,0,0
240,202607839,canonical_gridsearch_refit_2026_09_10,89.06122027064522,0.3280128462011778,0.5646168247098154,0.024524460707549708,195,0.006583046661631282,82.61726815390958,0.1886413531508266,0.5195796468898272,0.02339293185261184,195,0.011088247643696836,68.21027974563698,0.01603137551462391,0.014202295636105536,0.030203437479578703,195,0.012426201777465343,69.71177538497015,0.012041244244521654,0.021741781829052034,0.03374924300745687,195,0.019356290226144546,118,10872,118,72,1.0,3.450000000000003,4,4.359920932475427,36.67877380763585,11.886768503607314,0.423728813559322,0.2711864406779661,15.254237288135592,5.619662114873515,118,0,0,0
241,202607840,canonical_gridsearch_refit_2026_09_10,88.05663108829062,0.3136874110591495,0.5586947408070546,0.0247390750406901,195,0.008126110223036232,84.4969644068002,0.2184956695142087,0.5583614151062445,0.023509849946651208,195,0.011268640246718153,66.35865655872962,0.013269567196212554,0.01905561206959496,0.03229284519121473,195,0.008902939356381763,69.40022205246568,0.011699185667754899,0.022214700629837925,0.033879972400807555,195,0.018010157160778223,119,10834,119,67,1.0,3.6999999999999957,6,6.4353417986677535,38.982938955804755,16.508098083532257,0.4369747899159664,0.15966386554621848,27.73109243697479,7.792434504591309,119,0,0,0
242,202607841,canonical_gridsearch_refit_2026_09_10,86.28739277223399,0.31864442252709546,0.6145168743590164,0.025302842463922927,195,0.007546208028625573,85.48689046686121,0.23540209877267287,0.5690933752298545,0.023755587793439836,195,0.012405271287671014,64.87621574476076,0.011304923872325689,0.02244262024688086,0.033713794267497925,195,0.009450935810746354,69.43315342028374,0.012190690742194829,0.02182748474907417,0.03398415731064484,195,0.017749734256222782,118,10861,118,68,1.0,4.0,5,3.7410053630953803,35.979982230168815,10.397463064777694,0.4406779661016949,0.288135593220339,15.254237288135592,5.035243219760357,118,0,0,0
243,202607842,canonical_gridsearch_refit_2026_09_10,82.10665629766537,0.2317781648528381,0.495065207212614,0.024632275602512462,195,0.006015842547799692,83.2621563141012,0.20195273870002156,0.5356038303600795,0.023362939639891753,195,0.009356628252805775,65.96864694010941,0.01250492942567734,0.020492119271582263,0.03296405164856229,195,0.009905218504259482,69.66538429281778,0.012145933981137806,0.02176572728103062,0.03387774926753546,195,0.0186067349990336,119,10840,119,74,1.0,3.0,4,4.954260861080171,38.44216880114234,12.887568562294414,0.33613445378151263,0.18487394957983194,15.126050420168069,6.1527272057579765,119,0,0,0
244,202607843,canonical_gridsearch_refit_2026_09_10,86.98123490743177,0.30515986165143616,0.5785052727782413,0.025309881289225646,195,0.009780793402535487,84.8409835741448,0.20479255581617534,0.5035946868436139,0.02362683424590745,195,0.012509753984189591,65.70032617376758,0.012341049516154664,0.021096600121397368,0.033404211985588135,195,0.011248978677257339,69.3634171554085,0.012145607917519367,0.022076669815960313,0.034188055171579315,195,0.020961758563892544,118,10760,118,78,1.0,3.0,5,5.044150952948084,36.94385360923098,13.653559280257994,0.3983050847457627,0.2457627118644068,15.254237288135592,6.443553484789371,118,0,0,0
245,202607844,canonical_gridsearch_refit_2026_09_10,81.42691551644185,0.2433853305770889,0.5337415664167882,0.024512846658812256,195,0.010044339169333425,84.82992973946094,0.22538847707602952,0.5491687295652402,0.02333605304091209,195,0.013952075798763904,66.97649691983987,0.014807173713905993,0.01646933672636404,0.031245232981998012,195,0.012103791394695097,69.47987905115805,0.012496037545381035,0.02115487697331264,0.0336172636039826,195,0.019757277196965708,118,10816,118,75,1.0,3.0,4,5.652938491390635,35.190678090894984,16.063738461616175,0.3813559322033898,0.1694915254237288,21.1864406779661,8.486025172114674,118,0,0,0
246,202607845,canonical_gridsearch_refit_2026_09_10,82.1797878254344,0.23406673228821906,0.5115967359443596,0.025012449783125716,195,0.007242041455532599,84.4746477741601,0.21438747924792928,0.5643162190377619,0.023804886428832907,195,0.008520686597618121,66.88855700078547,0.013955691291536806,0.018168674896033406,0.03209224182138264,195,0.00872700297060708,69.36820928725962,0.011477616459692067,0.02307005422176062,0.034513123007296656,195,0.018975820902102085,119,10710,119,76,1.0,4.0,5,5.01947199097127,36.52467284154526,13.742688436244757,0.46218487394957986,0.2689075630252101,19.327731092436977,7.962369551701656,119,0,0,0
247,202607846,canonical_gridsearch_refit_2026_09_10,86.34896324645301,0.29835200569398285,0.5711520282795223,0.025137729491982303,195,0.007694269327426623,85.38114888879477,0.22459613693435596,0.5498667764779495,0.02358247532658215,195,0.010424179043040712,66.4039809046063,0.013299231443207524,0.019187212237367187,0.03245395722158851,195,0.00925095339941718,69.30364362493755,0.011647627136908712,0.022558576452232273,0.0341719967542818,195,0.019054806724416274,118,10793,118,70,1.0,3.0,5,5.537607908264806,32.45536061637192,17.062228867891218,0.4152542372881356,0.19491525423728814,22.033898305084744,9.372062396825015,118,0,0,0
248,202607847,canonical_gridsearch_refit_2026_09_10,88.1932849599289,0.30254181777060757,0.5332216550034916,0.02496203819632343,195,0.007741680523636138,86.2220200746799,0.21115708283419438,0.47756915393823646,0.02333911451815496,195,0.010863929190708391,66.84775744732713,0.014836647545115848,0.01633090103276789,0.031136380117057976,195,0.009426721561471651,69.60825286447152,0.012599523885123441,0.020992626842407606,0.03355855833348449,195,0.01776501019535565,120,10839,120,76,1.0,3.0,4,5.75533153286607,35.99121757757492,15.99093312267393,0.35,0.2,14.999999999999996,7.364773479055385,120,0,0,0
249,202607848,canonical_gridsearch_refit_2026_09_10,84.4885971072141,0.25093155479452284,0.49129590652624555,0.024736244491383726,195,0.010162634919415558,84.41751858513909,0.19646898945735836,0.4822710065859687,0.02349233205202351,195,0.011513826673406996,66.35908380078567,0.014210731132425936,0.017270551117689402,0.031449800967865225,195,0.008771536867170557,69.89895418244448,0.012675661874059276,0.021108962458848763,0.03375083943466792,195,0.018184795790120403,120,10806,120,78,1.0,3.1499999999999915,5,5.309078159078115,36.55026346560215,14.525416934612648,0.4083333333333333,0.21666666666666667,19.166666666666664,7.421763819410213,120,0,0,0
250,202607849,canonical_gridsearch_refit_2026_09_10,86.20276831236562,0.29472039365771757,0.5467826337881259,0.024741293366567343,195,0.011851878081398148,85.29070051650221,0.20915102802506796,0.4869611366962063,0.023343691200144113,195,0.011286424210384439,65.82371243668838,0.012675405369367895,0.02034065206110535,0.03298304137304277,195,0.010717914148388522,69.15280237026288,0.011762750848291979,0.022292383546302783,0.03402107926019999,195,0.0210177519974355,118,10840,118,77,1.0,3.0,4,5.684364656245335,38.595964649222026,14.727872998919628,0.3389830508474576,0.16101694915254236,17.796610169491526,7.144534262744264,118,0,0,0
